scan_time,req_date,req_pc4,opt0_short_addr,opt0_time,opt0_loc_id,opt1_short_addr,opt1_time,opt1_loc_id,opt2_short_addr,opt2_time,opt2_loc_id
2022-02-14 09:40,2022-02-15,8442,8447 Heerenveen,2022-02-15 09:12,8447:9987,,,,,,
2022-02-14 09:40,2022-02-15,3511,3552 Utrecht,2022-02-15 15:00,3552:3c0f,3527 Utrecht,2022-02-15 09:15,3527:d3f3,3534 Utrecht,2022-02-15 09:15,3534:472b
2022-02-14 09:40,2022-02-16,3511,3552 Utrecht,2022-02-16 14:45,3552:3c0f,3527 Utrecht,2022-02-16 09:00,3527:d3f3,3534 Utrecht,2022-02-16 09:00,3534:472b
2022-02-14 09:40,2022-02-17,3511,3552 Utrecht,2022-02-17 14:45,3552:3c0f,3527 Utrecht,2022-02-17 09:00,3527:d3f3,3534 Utrecht,2022-02-17 09:00,3534:472b
2022-02-14 09:40,2022-02-14,5611,5644 Eindhoven,2022-02-14 12:15,5644:7872,,,,,,
2022-02-14 09:40,2022-02-15,5611,5644 Eindhoven,2022-02-15 08:45,5644:7872,,,,,,
2022-02-14 09:40,2022-02-16,5611,5644 Eindhoven,2022-02-16 08:30,5644:7872,,,,,,
2022-02-14 09:40,2022-02-17,5611,5644 Eindhoven,2022-02-17 08:30,5644:7872,,,,,,
2022-02-14 09:40,2022-02-14,5038,5048 Tilburg,2022-02-14 13:23,5048:eb06,,,,,,
2022-02-14 09:40,2022-02-15,5038,5048 Tilburg,2022-02-15 08:51,5048:eb06,,,,,,
2022-02-14 09:41,2022-02-16,5038,5048 Tilburg,2022-02-16 08:36,5048:eb06,,,,,,
2022-02-14 09:41,2022-02-17,5038,5048 Tilburg,2022-02-17 08:57,5048:eb06,,,,,,
2022-02-14 09:41,2022-02-14,9726,9711 Groningen,2022-02-14 15:15,9711:ed2c,9723 Groningen,2022-02-14 13:56,9723:e146,9747 Groningen,2022-02-14 13:15,9747:1c04
2022-02-14 09:41,2022-02-15,9726,9711 Groningen,2022-02-15 09:30,9711:ed2c,9723 Groningen,2022-02-15 09:06,9723:e146,9743 Groningen,2022-02-15 09:30,9743:6abf
2022-02-14 09:41,2022-02-16,9726,9711 Groningen,2022-02-16 09:45,9711:ed2c,9723 Groningen,2022-02-16 08:57,9723:e146,9743 Groningen,2022-02-16 09:00,9743:6abf
2022-02-14 09:41,2022-02-17,9726,9711 Groningen,2022-02-17 09:30,9711:ed2c,9723 Groningen,2022-02-17 09:03,9723:e146,9743 Groningen,2022-02-17 09:00,9743:6abf
2022-02-14 09:41,2022-02-14,8011,8013 Zwolle,2022-02-14 17:30,8013:1e91,,,,,,
2022-02-14 09:41,2022-02-15,8011,8013 Zwolle,2022-02-15 10:15,8013:1e91,,,,,,
2022-02-14 09:41,2022-02-16,8011,8013 Zwolle,2022-02-16 09:45,8013:1e91,,,,,,
2022-02-14 09:41,2022-02-17,8011,8013 Zwolle,2022-02-17 09:30,8013:1e91,,,,,,
2022-02-14 09:41,2022-02-14,6041,,,,,,,,,
2022-02-14 09:41,2022-02-15,6041,,,,,,,,,
2022-02-14 09:41,2022-02-16,6041,,,,,,,,,
2022-02-14 09:41,2022-02-17,6041,,,,,,,,,
2022-02-14 09:41,2022-02-14,1011,1078 Amsterdam,2022-02-14 13:10,1078:d1fd,1025 Amsterdam,2022-02-14 10:50,1025:4076,1034 Amsterdam,2022-02-14 14:20,1034:f67a
2022-02-14 09:42,2022-02-15,1011,1078 Amsterdam,2022-02-15 09:00,1078:d1fd,1025 Amsterdam,2022-02-15 07:50,1025:4076,1034 Amsterdam,2022-02-15 09:20,1034:f67a
2022-02-14 09:42,2022-02-16,1011,1078 Amsterdam,2022-02-16 08:50,1078:d1fd,1025 Amsterdam,2022-02-16 07:50,1025:4076,1034 Amsterdam,2022-02-16 09:10,1034:f67a
2022-02-14 09:42,2022-02-17,1011,1078 Amsterdam,2022-02-17 08:50,1078:d1fd,1025 Amsterdam,2022-02-17 07:50,1025:4076,1034 Amsterdam,2022-02-17 09:20,1034:f67a
2022-02-14 09:42,2022-02-14,3013,3045 Rotterdam,2022-02-14 12:06,3045:5690,3077 Rotterdam,2022-02-14 12:39,3077:df6c,2907 Capelle aan den IJssel,2022-02-14 14:18,2907:b75a
2022-02-14 09:42,2022-02-15,3013,3026 Rotterdam,2022-02-15 10:15,3026:0941,3045 Rotterdam,2022-02-15 08:54,3045:5690,3119 Schiedam,2022-02-15 09:42,3119:16e3
2022-02-14 09:42,2022-02-16,3013,3026 Rotterdam,2022-02-16 09:48,3026:0941,3045 Rotterdam,2022-02-16 08:39,3045:5690,3119 Schiedam,2022-02-16 09:09,3119:16e3
2022-02-14 09:42,2022-02-17,3013,3026 Rotterdam,2022-02-17 09:48,3026:0941,3045 Rotterdam,2022-02-17 08:36,3045:5690,3119 Schiedam,2022-02-17 09:00,3119:16e3
2022-02-14 09:42,2022-02-14,2515,2516 Den Haag,2022-02-14 14:42,2516:a7ff,2512 Den Haag,2022-02-14 11:43,2512:c854,2597 Den Haag,2022-02-14 14:36,2597:377e
2022-02-14 09:42,2022-02-15,2515,2287 Rijswijk,2022-02-15 11:15,2287:731f,2632 Nootdorp,2022-02-15 09:06,2632:fe39,2612 Delft,2022-02-15 09:42,2612:70c8
2022-02-14 09:42,2022-02-16,2515,2287 Rijswijk,2022-02-16 11:27,2287:731f,2632 Nootdorp,2022-02-16 09:03,2632:fe39,2612 Delft,2022-02-16 09:15,2612:70c8
2022-02-14 09:42,2022-02-17,2515,2287 Rijswijk,2022-02-17 10:25,2287:731f,2632 Nootdorp,2022-02-17 08:36,2632:fe39,2612 Delft,2022-02-17 08:42,2612:70c8
2022-02-14 09:42,2022-02-14,7311,7324 Apeldoorn,2022-02-14 16:36,7324:5c1f,,,,,,
2022-02-14 09:42,2022-02-15,7311,7324 Apeldoorn,2022-02-15 11:04,7324:5c1f,,,,,,
2022-02-14 09:42,2022-02-16,7311,7324 Apeldoorn,2022-02-16 10:52,7324:5c1f,,,,,,
2022-02-14 09:42,2022-02-17,7311,7324 Apeldoorn,2022-02-17 10:43,7324:5c1f,,,,,,
2022-02-14 09:43,2022-02-14,6229,6229 Maastricht,2022-02-14 13:00,6229:121a,,,,,,
2022-02-14 09:43,2022-02-15,6229,6229 Maastricht,2022-02-15 09:30,6229:121a,,,,,,
2022-02-14 09:43,2022-02-16,6229,6229 Maastricht,2022-02-16 08:45,6229:121a,,,,,,
2022-02-14 09:43,2022-02-17,6229,6229 Maastricht,2022-02-17 08:30,6229:121a,,,,,,
2022-02-14 09:43,2022-02-14,7556,7556 Hengelo,2022-02-14 13:06,7556:3644,7514 Enschede,2022-02-14 11:30,7514:8035,,,
2022-02-14 09:43,2022-02-15,7556,7556 Hengelo,2022-02-15 08:54,7556:3644,7514 Enschede,2022-02-15 08:30,7514:8035,,,
2022-02-14 09:43,2022-02-16,7556,7556 Hengelo,2022-02-16 08:39,7556:3644,7514 Enschede,2022-02-16 08:15,7514:8035,,,
2022-02-14 09:43,2022-02-17,7556,7556 Hengelo,2022-02-17 08:42,7556:3644,7514 Enschede,2022-02-17 08:30,7514:8035,,,
2022-02-14 09:43,2022-02-14,6541,6541 Nijmegen,2022-02-14 14:03,6541:fa99,6662 Elst,2022-02-14 13:15,6662:96b8,6603 Wijchen,2022-02-14 13:42,6603:3380
2022-02-14 09:43,2022-02-15,6541,6541 Nijmegen,2022-02-15 08:30,6541:fa99,6662 Elst,2022-02-15 09:33,6662:96b8,6603 Wijchen,2022-02-15 08:21,6603:3380
2022-02-14 09:43,2022-02-16,6541,6541 Nijmegen,2022-02-16 08:12,6541:fa99,6662 Elst,2022-02-16 09:12,6662:96b8,6603 Wijchen,2022-02-16 08:06,6603:3380
2022-02-14 09:43,2022-02-17,6541,6541 Nijmegen,2022-02-17 08:00,6541:fa99,6662 Elst,2022-02-17 09:03,6662:96b8,6603 Wijchen,2022-02-17 08:09,6603:3380
2022-02-14 09:43,2022-02-14,8911,8924 Leeuwarden,2022-02-14 13:53,8924:58b0,,,,,,
2022-02-14 09:43,2022-02-15,8911,8924 Leeuwarden,2022-02-15 08:57,8924:58b0,,,,,,
2022-02-14 09:43,2022-02-16,8911,8924 Leeuwarden,2022-02-16 08:48,8924:58b0,,,,,,
2022-02-14 09:44,2022-02-17,8911,8924 Leeuwarden,2022-02-17 08:45,8924:58b0,,,,,,
2022-02-14 09:44,2022-02-14,8232,8242 Lelystad,2022-02-14 11:57,8242:849d,,,,,,
2022-02-14 09:44,2022-02-15,8232,8242 Lelystad,2022-02-15 09:48,8242:849d,,,,,,
2022-02-14 09:44,2022-02-16,8232,8242 Lelystad,2022-02-16 09:45,8242:849d,,,,,,
2022-02-14 09:44,2022-02-17,8232,8242 Lelystad,2022-02-17 09:39,8242:849d,,,,,,
2022-02-14 09:44,2022-02-14,4462,4462 Goes,2022-02-14 11:36,4462:60da,4462 Goes,2022-02-14 15:12,4462:6e15,,,
2022-02-14 09:44,2022-02-15,4462,4462 Goes,2022-02-15 08:21,4462:60da,4462 Goes,2022-02-15 08:48,4462:6e15,,,
2022-02-14 09:44,2022-02-16,4462,4462 Goes,2022-02-16 08:18,4462:60da,4462 Goes,2022-02-16 08:21,4462:6e15,,,
2022-02-14 09:44,2022-02-17,4462,4462 Goes,2022-02-17 08:15,4462:60da,4462 Goes,2022-02-17 08:21,4462:6e15,,,
2022-02-14 09:44,2022-02-14,9501,9502 Stadskanaal,2022-02-14 14:00,9502:747f,,,,,,
2022-02-14 09:44,2022-02-15,9501,9502 Stadskanaal,2022-02-15 09:45,9502:747f,,,,,,
2022-02-14 09:44,2022-02-16,9501,9502 Stadskanaal,2022-02-16 09:30,9502:747f,,,,,,
2022-02-14 09:44,2022-02-17,9501,9502 Stadskanaal,2022-02-17 09:30,9502:747f,,,,,,
2022-02-14 09:44,2022-02-14,1625,1627 Hoorn,2022-02-14 14:15,1627:b1ca,,,,,,
2022-02-14 09:44,2022-02-15,1625,1627 Hoorn,2022-02-15 09:15,1627:b1ca,,,,,,
2022-02-14 09:45,2022-02-16,1625,1627 Hoorn,2022-02-16 08:45,1627:b1ca,,,,,,
2022-02-14 09:45,2022-02-17,1625,1627 Hoorn,2022-02-17 08:45,1627:b1ca,,,,,,
2022-02-14 09:45,2022-02-14,9291,9291 Kollum,2022-02-14 13:16,9291:7875,,,,,,
2022-02-14 09:45,2022-02-15,9291,9291 Kollum,2022-02-15 09:00,9291:7875,,,,,,
2022-02-14 09:45,2022-02-16,9291,9291 Kollum,2022-02-16 08:54,9291:7875,,,,,,
2022-02-14 09:45,2022-02-17,9291,9291 Kollum,2022-02-17 08:45,9291:7875,,,,,,
2022-02-14 09:45,2022-02-14,5401,5406 Uden,2022-02-14 14:23,5406:fec5,,,,,,
2022-02-14 09:45,2022-02-15,5401,5406 Uden,2022-02-15 09:45,5406:fec5,,,,,,
2022-02-14 09:45,2022-02-16,5401,5406 Uden,2022-02-16 08:45,5406:fec5,,,,,,
2022-02-14 09:45,2022-02-17,5401,5406 Uden,2022-02-17 09:09,5406:fec5,,,,,,
2022-02-14 09:45,2022-02-14,7903,7903 Hoogeveen,2022-02-14 14:06,7903:64b3,,,,,,
2022-02-14 09:45,2022-02-15,7903,7903 Hoogeveen,2022-02-15 09:51,7903:64b3,,,,,,
2022-02-14 09:45,2022-02-16,7903,7903 Hoogeveen,2022-02-16 09:18,7903:64b3,,,,,,
2022-02-14 09:45,2022-02-17,7903,7903 Hoogeveen,2022-02-17 09:06,7903:64b3,,,,,,
2022-02-14 09:45,2022-02-14,7942,7942 Meppel,2022-02-14 11:21,7942:5846,7951 Staphorst,2022-02-14 14:30,7951:0243,,,
2022-02-14 09:46,2022-02-15,7942,7942 Meppel,2022-02-15 09:27,7942:5846,7951 Staphorst,2022-02-15 09:15,7951:0243,,,
2022-02-14 09:46,2022-02-16,7942,7942 Meppel,2022-02-16 09:18,7942:5846,7951 Staphorst,2022-02-16 09:00,7951:0243,,,
2022-02-14 09:46,2022-02-17,7942,7942 Meppel,2022-02-17 09:09,7942:5846,7951 Staphorst,2022-02-17 09:00,7951:0243,,,
2022-02-14 09:46,2022-02-14,7471,7471 Goor,2022-02-14 13:30,7471:149c,,,,,,
2022-02-14 09:46,2022-02-15,7471,7471 Goor,2022-02-15 08:15,7471:149c,,,,,,
2022-02-14 09:46,2022-02-16,7471,7471 Goor,2022-02-16 08:15,7471:149c,,,,,,
2022-02-14 09:46,2022-02-17,7471,7471 Goor,2022-02-17 08:15,7471:149c,,,,,,
2022-02-14 09:46,2022-02-14,5801,5807 Oostrum,2022-02-14 11:15,5807:ff2f,,,,,,
2022-02-14 09:46,2022-02-15,5801,5807 Oostrum,2022-02-15 08:00,5807:ff2f,,,,,,
2022-02-14 09:46,2022-02-16,5801,5807 Oostrum,2022-02-16 08:00,5807:ff2f,,,,,,
2022-02-14 09:46,2022-02-17,5801,5807 Oostrum,2022-02-17 08:00,5807:ff2f,,,,,,
2022-02-14 09:46,2022-02-14,8442,8447 Heerenveen,2022-02-14 16:02,8447:9987,,,,,,
2022-02-14 09:46,2022-02-15,8442,8447 Heerenveen,2022-02-15 09:12,8447:9987,,,,,,
2022-02-14 09:46,2022-02-16,8442,8447 Heerenveen,2022-02-16 08:51,8447:9987,,,,,,
2022-02-14 09:46,2022-02-17,8442,8447 Heerenveen,2022-02-17 08:57,8447:9987,,,,,,
2022-02-14 09:47,2022-02-14,7131,7141 Groenlo,2022-02-14 14:56,7141:2c44,,,,,,
2022-02-14 09:47,2022-02-15,7131,7131 Lichtenvoorde,2022-02-15 09:15,7131:943a,7141 Groenlo,2022-02-15 08:45,7141:2c44,,,
2022-02-14 09:47,2022-02-16,7131,7131 Lichtenvoorde,2022-02-16 08:42,7131:943a,7141 Groenlo,2022-02-16 08:42,7141:2c44,,,
2022-02-14 09:47,2022-02-17,7131,7131 Lichtenvoorde,2022-02-17 08:36,7131:943a,7141 Groenlo,2022-02-17 08:33,7141:2c44,,,
2022-02-14 09:47,2022-02-14,1811,1812 Alkmaar,2022-02-14 13:15,1812:8408,1704 Heerhugowaard,2022-02-14 11:45,1704:1a10,,,
2022-02-14 09:47,2022-02-15,1811,1812 Alkmaar,2022-02-15 10:00,1812:8408,1704 Heerhugowaard,2022-02-15 08:45,1704:1a10,,,
2022-02-14 09:47,2022-02-16,1811,1812 Alkmaar,2022-02-16 09:30,1812:8408,1704 Heerhugowaard,2022-02-16 08:45,1704:1a10,,,
2022-02-14 09:47,2022-02-17,1811,1812 Alkmaar,2022-02-17 09:15,1812:8408,1704 Heerhugowaard,2022-02-17 08:30,1704:1a10,,,
2022-02-14 09:47,2022-02-14,3901,3902 Veenendaal,2022-02-14 11:30,3902:c6d1,,,,,,
2022-02-14 09:47,2022-02-15,3901,3902 Veenendaal,2022-02-15 09:15,3902:c6d1,,,,,,
2022-02-14 09:47,2022-02-16,3901,3902 Veenendaal,2022-02-16 09:00,3902:c6d1,,,,,,
2022-02-14 09:47,2022-02-17,3901,3902 Veenendaal,2022-02-17 09:00,3902:c6d1,,,,,,
2022-02-14 09:47,2022-02-14,2406,2402 Alphen a/d Rijn,2022-02-14 12:21,2402:584b,,,,,,
2022-02-14 09:47,2022-02-15,2406,2402 Alphen a/d Rijn,2022-02-15 09:09,2402:584b,,,,,,
2022-02-14 09:47,2022-02-16,2406,2402 Alphen a/d Rijn,2022-02-16 09:00,2402:584b,,,,,,
2022-02-14 09:48,2022-02-17,2406,2402 Alphen a/d Rijn,2022-02-17 08:39,2402:584b,,,,,,
2022-02-14 09:48,2022-02-14,4701,4704 Roosendaal,2022-02-14 15:15,4704:d9b5,,,,,,
2022-02-14 09:48,2022-02-15,4701,4704 Roosendaal,2022-02-15 09:45,4704:d9b5,,,,,,
2022-02-14 09:48,2022-02-16,4701,4704 Roosendaal,2022-02-16 09:30,4704:d9b5,,,,,,
2022-02-14 09:48,2022-02-17,4701,4704 Roosendaal,2022-02-17 09:15,4704:d9b5,,,,,,
2022-02-14 09:48,2022-02-14,6101,6101 Echt,2022-02-14 11:30,6101:feea,,,,,,
2022-02-14 09:48,2022-02-15,6101,6101 Echt,2022-02-15 08:15,6101:feea,,,,,,
2022-02-14 09:48,2022-02-16,6101,6101 Echt,2022-02-16 08:00,6101:feea,,,,,,
2022-02-14 09:48,2022-02-17,6101,6101 Echt,2022-02-17 08:00,6101:feea,,,,,,
2022-02-14 09:48,2022-02-14,4325,4325 Renesse,2022-02-14 10:59,4325:8db3,,,,,,
2022-02-14 09:48,2022-02-15,4325,4325 Renesse,2022-02-15 08:15,4325:8db3,,,,,,
2022-02-14 09:48,2022-02-16,4325,4325 Renesse,2022-02-16 08:30,4325:8db3,,,,,,
2022-02-14 09:48,2022-02-17,4325,4325 Renesse,2022-02-17 08:18,4325:8db3,,,,,,
2022-02-15 10:02,2022-02-16,3511,3552 Utrecht,2022-02-16 15:00,3552:3c0f,3527 Utrecht,2022-02-16 09:15,3527:d3f3,3534 Utrecht,2022-02-16 09:15,3534:472b
2022-02-15 10:02,2022-02-17,3511,3552 Utrecht,2022-02-17 15:00,3552:3c0f,3527 Utrecht,2022-02-17 09:00,3527:d3f3,3534 Utrecht,2022-02-17 09:00,3534:472b
2022-02-15 10:02,2022-02-18,3511,3552 Utrecht,2022-02-18 14:45,3552:3c0f,3527 Utrecht,2022-02-18 09:00,3527:d3f3,3534 Utrecht,2022-02-18 09:00,3534:472b
2022-02-15 10:02,2022-02-15,5611,,,,,,,,,
2022-02-15 10:02,2022-02-16,5611,5644 Eindhoven,2022-02-16 09:00,5644:7872,,,,,,
2022-02-15 10:02,2022-02-17,5611,5644 Eindhoven,2022-02-17 08:30,5644:7872,,,,,,
2022-02-15 10:02,2022-02-18,5611,5644 Eindhoven,2022-02-18 08:30,5644:7872,,,,,,
2022-02-15 10:02,2022-02-15,5038,5048 Tilburg,2022-02-15 12:39,5048:eb06,,,,,,
2022-02-15 10:02,2022-02-16,5038,5048 Tilburg,2022-02-16 08:51,5048:eb06,,,,,,
2022-02-15 10:03,2022-02-17,5038,5048 Tilburg,2022-02-17 08:39,5048:eb06,,,,,,
2022-02-15 10:03,2022-02-18,5038,5048 Tilburg,2022-02-18 08:54,5048:eb06,,,,,,
2022-02-15 10:03,2022-02-15,9726,9723 Groningen,2022-02-15 14:50,9723:e146,9747 Groningen,2022-02-15 14:00,9747:1c04,,,
2022-02-15 10:03,2022-02-16,9726,9711 Groningen,2022-02-16 09:30,9711:ed2c,9723 Groningen,2022-02-16 09:15,9723:e146,9743 Groningen,2022-02-16 09:30,9743:6abf
2022-02-15 10:03,2022-02-17,9726,9711 Groningen,2022-02-17 09:15,9711:ed2c,9723 Groningen,2022-02-17 08:57,9723:e146,9743 Groningen,2022-02-17 09:15,9743:6abf
2022-02-15 10:03,2022-02-18,9726,9711 Groningen,2022-02-18 09:15,9711:ed2c,9723 Groningen,2022-02-18 08:57,9723:e146,9743 Groningen,2022-02-18 09:00,9743:6abf
2022-02-15 10:03,2022-02-15,8011,8013 Zwolle,2022-02-15 16:45,8013:1e91,,,,,,
2022-02-15 10:03,2022-02-16,8011,8013 Zwolle,2022-02-16 10:45,8013:1e91,,,,,,
2022-02-15 10:03,2022-02-17,8011,8013 Zwolle,2022-02-17 10:00,8013:1e91,,,,,,
2022-02-15 10:03,2022-02-18,8011,8013 Zwolle,2022-02-18 09:30,8013:1e91,,,,,,
2022-02-15 10:03,2022-02-15,6041,,,,,,,,,
2022-02-15 10:03,2022-02-16,6041,,,,,,,,,
2022-02-15 10:03,2022-02-17,6041,,,,,,,,,
2022-02-15 10:03,2022-02-18,6041,,,,,,,,,
2022-02-15 10:03,2022-02-15,1011,1078 Amsterdam,2022-02-15 13:00,1078:d1fd,1025 Amsterdam,2022-02-15 11:10,1025:4076,1034 Amsterdam,2022-02-15 13:10,1034:f67a
2022-02-15 10:04,2022-02-16,1011,1078 Amsterdam,2022-02-16 09:10,1078:d1fd,1025 Amsterdam,2022-02-16 07:50,1025:4076,1034 Amsterdam,2022-02-16 09:30,1034:f67a
2022-02-15 10:04,2022-02-17,1011,1078 Amsterdam,2022-02-17 09:00,1078:d1fd,1025 Amsterdam,2022-02-17 08:00,1025:4076,1034 Amsterdam,2022-02-17 09:30,1034:f67a
2022-02-15 10:04,2022-02-18,1011,1078 Amsterdam,2022-02-18 08:50,1078:d1fd,1025 Amsterdam,2022-02-18 07:50,1025:4076,1034 Amsterdam,2022-02-18 09:10,1034:f67a
2022-02-15 10:04,2022-02-15,3013,3045 Rotterdam,2022-02-15 12:21,3045:5690,3077 Rotterdam,2022-02-15 13:09,3077:df6c,2907 Capelle aan den IJssel,2022-02-15 13:54,2907:b75a
2022-02-15 10:04,2022-02-16,3013,3026 Rotterdam,2022-02-16 12:03,3026:0941,3045 Rotterdam,2022-02-16 09:09,3045:5690,3119 Schiedam,2022-02-16 09:48,3119:16e3
2022-02-15 10:04,2022-02-17,3013,3026 Rotterdam,2022-02-17 10:00,3026:0941,3045 Rotterdam,2022-02-17 08:36,3045:5690,3119 Schiedam,2022-02-17 09:03,3119:16e3
2022-02-15 10:04,2022-02-18,3013,3026 Rotterdam,2022-02-18 09:48,3026:0941,3045 Rotterdam,2022-02-18 08:36,3045:5690,3119 Schiedam,2022-02-18 09:06,3119:16e3
2022-02-15 10:04,2022-02-15,2515,2516 Den Haag,2022-02-15 11:22,2516:a7ff,2512 Den Haag,2022-02-15 11:22,2512:c854,2287 Rijswijk,2022-02-15 11:32,2287:731f
2022-02-15 10:04,2022-02-16,2515,2287 Rijswijk,2022-02-16 11:45,2287:731f,2632 Nootdorp,2022-02-16 10:25,2632:fe39,2612 Delft,2022-02-16 10:24,2612:70c8
2022-02-15 10:04,2022-02-17,2515,2287 Rijswijk,2022-02-17 11:33,2287:731f,2612 Delft,2022-02-17 09:12,2612:70c8,2685 Poeldijk,2022-02-17 08:33,2685:3481
2022-02-15 10:04,2022-02-18,2515,2287 Rijswijk,2022-02-18 10:57,2287:731f,2632 Nootdorp,2022-02-18 08:54,2632:fe39,2612 Delft,2022-02-18 08:42,2612:70c8
2022-02-15 10:04,2022-02-15,7311,7324 Apeldoorn,2022-02-15 15:11,7324:5c1f,,,,,,
2022-02-15 10:04,2022-02-16,7311,7324 Apeldoorn,2022-02-16 11:13,7324:5c1f,,,,,,
2022-02-15 10:04,2022-02-17,7311,7324 Apeldoorn,2022-02-17 10:49,7324:5c1f,,,,,,
2022-02-15 10:04,2022-02-18,7311,7324 Apeldoorn,2022-02-18 10:43,7324:5c1f,,,,,,
2022-02-15 10:05,2022-02-15,6229,6229 Maastricht,2022-02-15 14:30,6229:121a,,,,,,
2022-02-15 10:05,2022-02-16,6229,6229 Maastricht,2022-02-16 09:30,6229:121a,,,,,,
2022-02-15 10:05,2022-02-17,6229,6229 Maastricht,2022-02-17 09:00,6229:121a,,,,,,
2022-02-15 10:05,2022-02-18,6229,6229 Maastricht,2022-02-18 08:30,6229:121a,,,,,,
2022-02-15 10:05,2022-02-15,7556,7556 Hengelo,2022-02-15 12:24,7556:3644,7514 Enschede,2022-02-15 11:45,7514:8035,,,
2022-02-15 10:05,2022-02-16,7556,7556 Hengelo,2022-02-16 08:36,7556:3644,7514 Enschede,2022-02-16 08:45,7514:8035,,,
2022-02-15 10:05,2022-02-17,7556,7556 Hengelo,2022-02-17 08:48,7556:3644,7514 Enschede,2022-02-17 08:30,7514:8035,,,
2022-02-15 10:05,2022-02-18,7556,7556 Hengelo,2022-02-18 08:33,7556:3644,7514 Enschede,2022-02-18 08:30,7514:8035,,,
2022-02-15 10:05,2022-02-15,6541,6541 Nijmegen,2022-02-15 13:18,6541:fa99,6662 Elst,2022-02-15 15:42,6662:96b8,6603 Wijchen,2022-02-15 11:06,6603:3380
2022-02-15 10:05,2022-02-16,6541,6541 Nijmegen,2022-02-16 08:54,6541:fa99,6662 Elst,2022-02-16 09:42,6662:96b8,6603 Wijchen,2022-02-16 08:21,6603:3380
2022-02-15 10:05,2022-02-17,6541,6541 Nijmegen,2022-02-17 08:06,6541:fa99,6662 Elst,2022-02-17 09:09,6662:96b8,6603 Wijchen,2022-02-17 08:12,6603:3380
2022-02-15 10:05,2022-02-18,6541,6541 Nijmegen,2022-02-18 08:06,6541:fa99,6662 Elst,2022-02-18 09:03,6662:96b8,6603 Wijchen,2022-02-18 08:06,6603:3380
2022-02-15 10:05,2022-02-15,8911,8924 Leeuwarden,2022-02-15 11:36,8924:58b0,,,,,,
2022-02-15 10:05,2022-02-16,8911,8924 Leeuwarden,2022-02-16 09:00,8924:58b0,,,,,,
2022-02-15 10:05,2022-02-17,8911,8924 Leeuwarden,2022-02-17 08:51,8924:58b0,,,,,,
2022-02-15 10:06,2022-02-18,8911,8924 Leeuwarden,2022-02-18 08:45,8924:58b0,,,,,,
2022-02-15 10:06,2022-02-15,8232,8242 Lelystad,2022-02-15 12:00,8242:849d,,,,,,
2022-02-15 10:06,2022-02-16,8232,8242 Lelystad,2022-02-16 09:51,8242:849d,,,,,,
2022-02-15 10:06,2022-02-17,8232,8242 Lelystad,2022-02-17 09:45,8242:849d,,,,,,
2022-02-15 10:06,2022-02-18,8232,8242 Lelystad,2022-02-18 09:39,8242:849d,,,,,,
2022-02-15 10:06,2022-02-15,4462,4462 Goes,2022-02-15 11:21,4462:60da,4462 Goes,2022-02-15 11:18,4462:6e15,,,
2022-02-15 10:06,2022-02-16,4462,4462 Goes,2022-02-16 08:24,4462:60da,4462 Goes,2022-02-16 08:18,4462:6e15,,,
2022-02-15 10:06,2022-02-17,4462,4462 Goes,2022-02-17 08:18,4462:60da,4462 Goes,2022-02-17 08:33,4462:6e15,,,
2022-02-15 10:06,2022-02-18,4462,4462 Goes,2022-02-18 08:15,4462:60da,4462 Goes,2022-02-18 08:21,4462:6e15,,,
2022-02-15 10:06,2022-02-15,9501,9502 Stadskanaal,2022-02-15 13:15,9502:747f,,,,,,
2022-02-15 10:06,2022-02-16,9501,9502 Stadskanaal,2022-02-16 09:45,9502:747f,,,,,,
2022-02-15 10:06,2022-02-17,9501,9502 Stadskanaal,2022-02-17 09:30,9502:747f,,,,,,
2022-02-15 10:06,2022-02-18,9501,9502 Stadskanaal,2022-02-18 09:30,9502:747f,,,,,,
2022-02-15 10:06,2022-02-15,1625,1627 Hoorn,2022-02-15 13:15,1627:b1ca,,,,,,
2022-02-15 10:06,2022-02-16,1625,1627 Hoorn,2022-02-16 09:15,1627:b1ca,,,,,,
2022-02-15 10:07,2022-02-17,1625,1627 Hoorn,2022-02-17 09:00,1627:b1ca,,,,,,
2022-02-15 10:07,2022-02-18,1625,1627 Hoorn,2022-02-18 08:30,1627:b1ca,,,,,,
2022-02-15 10:07,2022-02-15,9291,9291 Kollum,2022-02-15 13:40,9291:7875,,,,,,
2022-02-15 10:07,2022-02-16,9291,9291 Kollum,2022-02-16 09:09,9291:7875,,,,,,
2022-02-15 10:07,2022-02-17,9291,9291 Kollum,2022-02-17 08:51,9291:7875,,,,,,
2022-02-15 10:07,2022-02-18,9291,9291 Kollum,2022-02-18 08:48,9291:7875,,,,,,
2022-02-15 10:07,2022-02-15,5401,5406 Uden,2022-02-15 13:46,5406:fec5,,,,,,
2022-02-15 10:07,2022-02-16,5401,5406 Uden,2022-02-16 09:30,5406:fec5,,,,,,
2022-02-15 10:07,2022-02-17,5401,5406 Uden,2022-02-17 08:42,5406:fec5,,,,,,
2022-02-15 10:07,2022-02-18,5401,5406 Uden,2022-02-18 09:09,5406:fec5,,,,,,
2022-02-15 10:07,2022-02-15,7903,7903 Hoogeveen,2022-02-15 14:15,7903:64b3,,,,,,
2022-02-15 10:07,2022-02-16,7903,7903 Hoogeveen,2022-02-16 09:54,7903:64b3,,,,,,
2022-02-15 10:07,2022-02-17,7903,7903 Hoogeveen,2022-02-17 09:18,7903:64b3,,,,,,
2022-02-15 10:07,2022-02-18,7903,7903 Hoogeveen,2022-02-18 09:06,7903:64b3,,,,,,
2022-02-15 10:07,2022-02-15,7942,7942 Meppel,2022-02-15 11:27,7942:5846,7951 Staphorst,2022-02-15 12:00,7951:0243,,,
2022-02-15 10:08,2022-02-16,7942,7942 Meppel,2022-02-16 09:12,7942:5846,7951 Staphorst,2022-02-16 09:15,7951:0243,,,
2022-02-15 10:08,2022-02-17,7942,7942 Meppel,2022-02-17 09:15,7942:5846,7951 Staphorst,2022-02-17 09:15,7951:0243,,,
2022-02-15 10:08,2022-02-18,7942,7942 Meppel,2022-02-18 09:03,7942:5846,7951 Staphorst,2022-02-18 09:00,7951:0243,,,
2022-02-15 10:08,2022-02-15,7471,7471 Goor,2022-02-15 12:45,7471:149c,,,,,,
2022-02-15 10:08,2022-02-16,7471,7471 Goor,2022-02-16 08:45,7471:149c,,,,,,
2022-02-15 10:08,2022-02-17,7471,7471 Goor,2022-02-17 08:15,7471:149c,,,,,,
2022-02-15 10:08,2022-02-18,7471,7471 Goor,2022-02-18 08:15,7471:149c,,,,,,
2022-02-15 10:08,2022-02-15,5801,5807 Oostrum,2022-02-15 11:15,5807:ff2f,,,,,,
2022-02-15 10:08,2022-02-16,5801,5807 Oostrum,2022-02-16 08:00,5807:ff2f,,,,,,
2022-02-15 10:08,2022-02-17,5801,5807 Oostrum,2022-02-17 08:00,5807:ff2f,,,,,,
2022-02-15 10:08,2022-02-18,5801,5807 Oostrum,2022-02-18 08:00,5807:ff2f,,,,,,
2022-02-15 10:08,2022-02-15,8442,,,,,,,,,
2022-02-15 10:08,2022-02-16,8442,8447 Heerenveen,2022-02-16 09:48,8447:9987,,,,,,
2022-02-15 10:08,2022-02-17,8442,8447 Heerenveen,2022-02-17 09:09,8447:9987,,,,,,
2022-02-15 10:08,2022-02-18,8442,8447 Heerenveen,2022-02-18 08:48,8447:9987,,,,,,
2022-02-15 10:09,2022-02-15,7131,7141 Groenlo,2022-02-15 13:58,7141:2c44,,,,,,
2022-02-15 10:09,2022-02-16,7131,7131 Lichtenvoorde,2022-02-16 09:39,7131:943a,7141 Groenlo,2022-02-16 08:57,7141:2c44,,,
2022-02-15 10:09,2022-02-17,7131,7131 Lichtenvoorde,2022-02-17 09:06,7131:943a,7141 Groenlo,2022-02-17 08:39,7141:2c44,,,
2022-02-15 10:09,2022-02-18,7131,7131 Lichtenvoorde,2022-02-18 08:39,7131:943a,7141 Groenlo,2022-02-18 08:30,7141:2c44,,,
2022-02-15 10:09,2022-02-15,1811,1812 Alkmaar,2022-02-15 15:30,1812:8408,1704 Heerhugowaard,2022-02-15 13:45,1704:1a10,,,
2022-02-15 10:09,2022-02-16,1811,1812 Alkmaar,2022-02-16 10:15,1812:8408,1704 Heerhugowaard,2022-02-16 09:00,1704:1a10,,,
2022-02-15 10:09,2022-02-17,1811,1812 Alkmaar,2022-02-17 10:00,1812:8408,1704 Heerhugowaard,2022-02-17 08:30,1704:1a10,,,
2022-02-15 10:09,2022-02-18,1811,1812 Alkmaar,2022-02-18 09:15,1812:8408,1704 Heerhugowaard,2022-02-18 08:30,1704:1a10,,,
2022-02-15 10:09,2022-02-15,3901,3902 Veenendaal,2022-02-15 11:15,3902:c6d1,,,,,,
2022-02-15 10:09,2022-02-16,3901,3902 Veenendaal,2022-02-16 09:15,3902:c6d1,,,,,,
2022-02-15 10:09,2022-02-17,3901,3902 Veenendaal,2022-02-17 09:15,3902:c6d1,,,,,,
2022-02-15 10:09,2022-02-18,3901,3902 Veenendaal,2022-02-18 09:00,3902:c6d1,,,,,,
2022-02-15 10:09,2022-02-15,2406,2402 Alphen a/d Rijn,2022-02-15 12:21,2402:584b,,,,,,
2022-02-15 10:09,2022-02-16,2406,2402 Alphen a/d Rijn,2022-02-16 09:24,2402:584b,,,,,,
2022-02-15 10:09,2022-02-17,2406,2402 Alphen a/d Rijn,2022-02-17 08:54,2402:584b,,,,,,
2022-02-15 10:10,2022-02-18,2406,2402 Alphen a/d Rijn,2022-02-18 08:48,2402:584b,,,,,,
2022-02-15 10:10,2022-02-15,4701,4704 Roosendaal,2022-02-15 11:30,4704:d9b5,,,,,,
2022-02-15 10:10,2022-02-16,4701,4704 Roosendaal,2022-02-16 09:45,4704:d9b5,,,,,,
2022-02-15 10:10,2022-02-17,4701,4704 Roosendaal,2022-02-17 09:15,4704:d9b5,,,,,,
2022-02-15 10:10,2022-02-18,4701,4704 Roosendaal,2022-02-18 09:15,4704:d9b5,,,,,,
2022-02-15 10:10,2022-02-15,6101,6101 Echt,2022-02-15 11:15,6101:feea,,,,,,
2022-02-15 10:10,2022-02-16,6101,6101 Echt,2022-02-16 08:15,6101:feea,,,,,,
2022-02-15 10:10,2022-02-17,6101,6101 Echt,2022-02-17 08:00,6101:feea,,,,,,
2022-02-15 10:10,2022-02-18,6101,6101 Echt,2022-02-18 08:00,6101:feea,,,,,,
2022-02-15 10:10,2022-02-15,4325,4325 Renesse,2022-02-15 11:15,4325:8db3,,,,,,
2022-02-15 10:10,2022-02-16,4325,4325 Renesse,2022-02-16 08:39,4325:8db3,,,,,,
2022-02-15 10:10,2022-02-17,4325,4325 Renesse,2022-02-17 08:18,4325:8db3,,,,,,
2022-02-15 10:10,2022-02-18,4325,4325 Renesse,2022-02-18 08:15,4325:8db3,,,,,,
2022-02-16 09:55,2022-02-17,3511,3552 Utrecht,2022-02-17 15:15,3552:3c0f,3527 Utrecht,2022-02-17 09:15,3527:d3f3,3534 Utrecht,2022-02-17 09:15,3534:472b
2022-02-16 09:55,2022-02-18,3511,3552 Utrecht,2022-02-18 14:45,3552:3c0f,3527 Utrecht,2022-02-18 09:15,3527:d3f3,3534 Utrecht,2022-02-18 09:00,3534:472b
2022-02-16 09:55,2022-02-19,3511,3552 Utrecht,2022-02-19 09:00,3552:3c0f,3527 Utrecht,2022-02-19 09:00,3527:d3f3,3534 Utrecht,2022-02-19 09:00,3534:472b
2022-02-16 09:55,2022-02-16,5611,5644 Eindhoven,2022-02-16 13:30,5644:7872,,,,,,
2022-02-16 09:55,2022-02-17,5611,5644 Eindhoven,2022-02-17 09:00,5644:7872,,,,,,
2022-02-16 09:55,2022-02-18,5611,5644 Eindhoven,2022-02-18 08:30,5644:7872,,,,,,
2022-02-16 09:55,2022-02-19,5611,5644 Eindhoven,2022-02-19 08:30,5644:7872,,,,,,
2022-02-16 09:56,2022-02-16,5038,5048 Tilburg,2022-02-16 11:25,5048:eb06,,,,,,
2022-02-16 09:56,2022-02-17,5038,5048 Tilburg,2022-02-17 09:06,5048:eb06,,,,,,
2022-02-16 09:56,2022-02-18,5038,5048 Tilburg,2022-02-18 08:39,5048:eb06,,,,,,
2022-02-16 09:56,2022-02-19,5038,5048 Tilburg,2022-02-19 08:42,5048:eb06,,,,,,
2022-02-16 09:56,2022-02-16,9726,9723 Groningen,2022-02-16 14:16,9723:e146,9747 Groningen,2022-02-16 14:00,9747:1c04,,,
2022-02-16 09:56,2022-02-17,9726,9711 Groningen,2022-02-17 10:00,9711:ed2c,9723 Groningen,2022-02-17 09:27,9723:e146,9743 Groningen,2022-02-17 09:45,9743:6abf
2022-02-16 09:56,2022-02-18,9726,9711 Groningen,2022-02-18 09:00,9711:ed2c,9723 Groningen,2022-02-18 08:51,9723:e146,9743 Groningen,2022-02-18 09:15,9743:6abf
2022-02-16 09:56,2022-02-19,9726,9711 Groningen,2022-02-19 09:00,9711:ed2c,9723 Groningen,2022-02-19 08:45,9723:e146,9743 Groningen,2022-02-19 09:00,9743:6abf
2022-02-16 09:56,2022-02-16,8011,8013 Zwolle,2022-02-16 14:15,8013:1e91,,,,,,
2022-02-16 09:56,2022-02-17,8011,8013 Zwolle,2022-02-17 10:45,8013:1e91,,,,,,
2022-02-16 09:56,2022-02-18,8011,8013 Zwolle,2022-02-18 10:00,8013:1e91,,,,,,
2022-02-16 09:56,2022-02-19,8011,8013 Zwolle,2022-02-19 09:15,8013:1e91,,,,,,
2022-02-16 09:56,2022-02-16,6041,,,,,,,,,
2022-02-16 09:56,2022-02-17,6041,,,,,,,,,
2022-02-16 09:56,2022-02-18,6041,,,,,,,,,
2022-02-16 09:57,2022-02-19,6041,,,,,,,,,
2022-02-16 09:57,2022-02-16,1011,1078 Amsterdam,2022-02-16 13:20,1078:d1fd,1025 Amsterdam,2022-02-16 11:10,1025:4076,1034 Amsterdam,2022-02-16 13:40,1034:f67a
2022-02-16 09:57,2022-02-17,1011,1078 Amsterdam,2022-02-17 09:30,1078:d1fd,1025 Amsterdam,2022-02-17 08:10,1025:4076,1034 Amsterdam,2022-02-17 09:40,1034:f67a
2022-02-16 09:57,2022-02-18,1011,1078 Amsterdam,2022-02-18 09:00,1078:d1fd,1025 Amsterdam,2022-02-18 07:50,1025:4076,1034 Amsterdam,2022-02-18 09:20,1034:f67a
2022-02-16 09:57,2022-02-19,1011,1078 Amsterdam,2022-02-19 08:40,1078:d1fd,1034 Amsterdam,2022-02-19 09:10,1034:f67a,1066 Amsterdam,2022-02-19 08:30,1066:04e8
2022-02-16 09:57,2022-02-16,3013,3045 Rotterdam,2022-02-16 12:15,3045:5690,3077 Rotterdam,2022-02-16 12:39,3077:df6c,2907 Capelle aan den IJssel,2022-02-16 13:51,2907:b75a
2022-02-16 09:57,2022-02-17,3013,3026 Rotterdam,2022-02-17 11:48,3026:0941,3119 Schiedam,2022-02-17 09:18,3119:16e3,3085 Rotterdam,2022-02-17 10:42,3085:3cda
2022-02-16 09:57,2022-02-18,3013,3026 Rotterdam,2022-02-18 10:09,3026:0941,3119 Schiedam,2022-02-18 09:12,3119:16e3,3085 Rotterdam,2022-02-18 09:15,3085:3cda
2022-02-16 09:57,2022-02-19,3013,3026 Rotterdam,2022-02-19 09:39,3026:0941,3045 Rotterdam,2022-02-19 08:36,3045:5690,3119 Schiedam,2022-02-19 09:09,3119:16e3
2022-02-16 09:57,2022-02-16,2515,2516 Den Haag,2022-02-16 11:13,2516:a7ff,2512 Den Haag,2022-02-16 11:10,2512:c854,2597 Den Haag,2022-02-16 11:09,2597:377e
2022-02-16 09:57,2022-02-17,2515,2516 Den Haag,2022-02-17 08:30,2516:a7ff,2512 Den Haag,2022-02-17 08:30,2512:c854,2597 Den Haag,2022-02-17 08:33,2597:377e
2022-02-16 09:57,2022-02-18,2515,2287 Rijswijk,2022-02-18 11:57,2287:731f,2612 Delft,2022-02-18 09:21,2612:70c8,2685 Poeldijk,2022-02-18 09:03,2685:3481
2022-02-16 09:57,2022-02-19,2515,2287 Rijswijk,2022-02-19 10:52,2287:731f,2632 Nootdorp,2022-02-19 08:48,2632:fe39,2612 Delft,2022-02-19 08:42,2612:70c8
2022-02-16 09:57,2022-02-16,7311,,,,,,,,,
2022-02-16 09:57,2022-02-17,7311,,,,,,,,,
2022-02-16 09:58,2022-02-18,7311,7324 Apeldoorn,2022-02-18 11:04,7324:5c1f,,,,,,
2022-02-16 09:58,2022-02-19,7311,7324 Apeldoorn,2022-02-19 10:46,7324:5c1f,,,,,,
2022-02-16 09:58,2022-02-16,6229,6229 Maastricht,2022-02-16 14:45,6229:121a,,,,,,
2022-02-16 09:58,2022-02-17,6229,6229 Maastricht,2022-02-17 09:15,6229:121a,,,,,,
2022-02-16 09:58,2022-02-18,6229,6229 Maastricht,2022-02-18 08:30,6229:121a,,,,,,
2022-02-16 09:58,2022-02-19,6229,6229 Maastricht,2022-02-19 08:30,6229:121a,,,,,,
2022-02-16 09:58,2022-02-16,7556,7556 Hengelo,2022-02-16 12:00,7556:3644,7514 Enschede,2022-02-16 13:15,7514:8035,,,
2022-02-16 09:58,2022-02-17,7556,7556 Hengelo,2022-02-17 09:09,7556:3644,7514 Enschede,2022-02-17 09:15,7514:8035,,,
2022-02-16 09:58,2022-02-18,7556,7556 Hengelo,2022-02-18 08:42,7556:3644,7514 Enschede,2022-02-18 08:30,7514:8035,,,
2022-02-16 09:58,2022-02-19,7556,7556 Hengelo,2022-02-19 09:03,7556:3644,7514 Enschede,2022-02-19 08:15,7514:8035,,,
2022-02-16 09:58,2022-02-16,6541,6541 Nijmegen,2022-02-16 12:45,6541:fa99,6662 Elst,2022-02-16 14:09,6662:96b8,6603 Wijchen,2022-02-16 12:03,6603:3380
2022-02-16 09:58,2022-02-17,6541,6541 Nijmegen,2022-02-17 08:42,6541:fa99,6662 Elst,2022-02-17 09:27,6662:96b8,6603 Wijchen,2022-02-17 08:06,6603:3380
2022-02-16 09:58,2022-02-18,6541,6541 Nijmegen,2022-02-18 08:18,6541:fa99,6662 Elst,2022-02-18 09:18,6662:96b8,6603 Wijchen,2022-02-18 08:03,6603:3380
2022-02-16 09:58,2022-02-19,6541,6541 Nijmegen,2022-02-19 08:06,6541:fa99,6662 Elst,2022-02-19 09:09,6662:96b8,,,
2022-02-16 09:58,2022-02-16,8911,8924 Leeuwarden,2022-02-16 11:48,8924:58b0,,,,,,
2022-02-16 09:59,2022-02-17,8911,8924 Leeuwarden,2022-02-17 09:03,8924:58b0,,,,,,
2022-02-16 09:59,2022-02-18,8911,8924 Leeuwarden,2022-02-18 09:00,8924:58b0,,,,,,
2022-02-16 09:59,2022-02-19,8911,8924 Leeuwarden,2022-02-19 08:45,8924:58b0,,,,,,
2022-02-16 09:59,2022-02-16,8232,8242 Lelystad,2022-02-16 11:03,8242:849d,,,,,,
2022-02-16 09:59,2022-02-17,8232,8242 Lelystad,2022-02-17 09:57,8242:849d,,,,,,
2022-02-16 09:59,2022-02-18,8232,8242 Lelystad,2022-02-18 09:45,8242:849d,,,,,,
2022-02-16 09:59,2022-02-19,8232,8242 Lelystad,2022-02-19 09:39,8242:849d,,,,,,
2022-02-16 09:59,2022-02-16,4462,4462 Goes,2022-02-16 11:15,4462:6e15,4462 Goes,2022-02-16 11:03,4462:60da,,,
2022-02-16 09:59,2022-02-17,4462,4462 Goes,2022-02-17 09:03,4462:6e15,4462 Goes,2022-02-17 08:21,4462:60da,,,
2022-02-16 09:59,2022-02-18,4462,4462 Goes,2022-02-18 08:27,4462:6e15,4462 Goes,2022-02-18 08:18,4462:60da,,,
2022-02-16 09:59,2022-02-19,4462,4462 Goes,2022-02-19 09:15,4462:6e15,4462 Goes,2022-02-19 13:03,4462:60da,,,
2022-02-16 09:59,2022-02-16,9501,9502 Stadskanaal,2022-02-16 13:00,9502:747f,,,,,,
2022-02-16 09:59,2022-02-17,9501,9502 Stadskanaal,2022-02-17 09:45,9502:747f,,,,,,
2022-02-16 09:59,2022-02-18,9501,9502 Stadskanaal,2022-02-18 09:45,9502:747f,,,,,,
2022-02-16 09:59,2022-02-19,9501,9502 Stadskanaal,2022-02-19 09:30,9502:747f,,,,,,
2022-02-16 10:00,2022-02-16,1625,1627 Hoorn,2022-02-16 11:45,1627:b1ca,,,,,,
2022-02-16 10:00,2022-02-17,1625,1627 Hoorn,2022-02-17 09:30,1627:b1ca,,,,,,
2022-02-16 10:00,2022-02-18,1625,1627 Hoorn,2022-02-18 09:00,1627:b1ca,,,,,,
2022-02-16 10:00,2022-02-19,1625,1627 Hoorn,2022-02-19 08:30,1627:b1ca,,,,,,
2022-02-16 10:00,2022-02-16,9291,9291 Kollum,2022-02-16 13:40,9291:7875,,,,,,
2022-02-16 10:00,2022-02-17,9291,9291 Kollum,2022-02-17 09:06,9291:7875,,,,,,
2022-02-16 10:00,2022-02-18,9291,9291 Kollum,2022-02-18 08:54,9291:7875,,,,,,
2022-02-16 10:00,2022-02-19,9291,9291 Kollum,2022-02-19 08:45,9291:7875,,,,,,
2022-02-16 10:00,2022-02-16,5401,5406 Uden,2022-02-16 14:06,5406:fec5,,,,,,
2022-02-16 10:00,2022-02-17,5401,5406 Uden,2022-02-17 09:39,5406:fec5,,,,,,
2022-02-16 10:00,2022-02-18,5401,5406 Uden,2022-02-18 08:48,5406:fec5,,,,,,
2022-02-16 10:00,2022-02-19,5401,5406 Uden,2022-02-19 09:03,5406:fec5,,,,,,
2022-02-16 10:00,2022-02-16,7903,7903 Hoogeveen,2022-02-16 14:00,7903:64b3,,,,,,
2022-02-16 10:00,2022-02-17,7903,7903 Hoogeveen,2022-02-17 09:18,7903:64b3,,,,,,
2022-02-16 10:00,2022-02-18,7903,7903 Hoogeveen,2022-02-18 09:27,7903:64b3,,,,,,
2022-02-16 10:01,2022-02-19,7903,7903 Hoogeveen,2022-02-19 09:06,7903:64b3,,,,,,
2022-02-16 10:01,2022-02-16,7942,7942 Meppel,2022-02-16 11:42,7942:5846,7951 Staphorst,2022-02-16 12:15,7951:0243,,,
2022-02-16 10:01,2022-02-17,7942,7942 Meppel,2022-02-17 09:06,7942:5846,7951 Staphorst,2022-02-17 09:15,7951:0243,,,
2022-02-16 10:01,2022-02-18,7942,7942 Meppel,2022-02-18 09:09,7942:5846,7951 Staphorst,2022-02-18 09:00,7951:0243,,,
2022-02-16 10:01,2022-02-19,7942,7942 Meppel,2022-02-19 09:06,7942:5846,7951 Staphorst,2022-02-19 09:00,7951:0243,,,
2022-02-16 10:01,2022-02-16,7471,7471 Goor,2022-02-16 11:45,7471:149c,,,,,,
2022-02-16 10:01,2022-02-17,7471,7471 Goor,2022-02-17 08:15,7471:149c,,,,,,
2022-02-16 10:01,2022-02-18,7471,7471 Goor,2022-02-18 08:30,7471:149c,,,,,,
2022-02-16 10:01,2022-02-19,7471,7471 Goor,2022-02-19 10:45,7471:149c,,,,,,
2022-02-16 10:01,2022-02-16,5801,5807 Oostrum,2022-02-16 11:15,5807:ff2f,,,,,,
2022-02-16 10:01,2022-02-17,5801,5807 Oostrum,2022-02-17 08:00,5807:ff2f,,,,,,
2022-02-16 10:01,2022-02-18,5801,5807 Oostrum,2022-02-18 08:00,5807:ff2f,,,,,,
2022-02-16 10:01,2022-02-19,5801,5807 Oostrum,2022-02-19 08:00,5807:ff2f,,,,,,
2022-02-16 10:01,2022-02-16,8442,8447 Heerenveen,2022-02-16 13:52,8447:9987,,,,,,
2022-02-16 10:01,2022-02-17,8442,8447 Heerenveen,2022-02-17 09:51,8447:9987,,,,,,
2022-02-16 10:02,2022-02-18,8442,8447 Heerenveen,2022-02-18 08:54,8447:9987,,,,,,
2022-02-16 10:02,2022-02-19,8442,8447 Heerenveen,2022-02-19 08:45,8447:9987,,,,,,
2022-02-16 10:02,2022-02-16,7131,7141 Groenlo,2022-02-16 13:46,7141:2c44,,,,,,
2022-02-16 10:02,2022-02-17,7131,7131 Lichtenvoorde,2022-02-17 09:45,7131:943a,7141 Groenlo,2022-02-17 08:57,7141:2c44,,,
2022-02-16 10:02,2022-02-18,7131,7131 Lichtenvoorde,2022-02-18 08:42,7131:943a,7141 Groenlo,2022-02-18 08:36,7141:2c44,,,
2022-02-16 10:02,2022-02-19,7131,7131 Lichtenvoorde,2022-02-19 08:39,7131:943a,7141 Groenlo,2022-02-19 08:33,7141:2c44,,,
2022-02-16 10:02,2022-02-16,1811,1812 Alkmaar,2022-02-16 15:30,1812:8408,1704 Heerhugowaard,2022-02-16 13:45,1704:1a10,,,
2022-02-16 10:02,2022-02-17,1811,1812 Alkmaar,2022-02-17 10:15,1812:8408,1704 Heerhugowaard,2022-02-17 08:45,1704:1a10,,,
2022-02-16 10:02,2022-02-18,1811,1812 Alkmaar,2022-02-18 10:00,1812:8408,1704 Heerhugowaard,2022-02-18 08:30,1704:1a10,,,
2022-02-16 10:02,2022-02-19,1811,1812 Alkmaar,2022-02-19 08:30,1812:8408,1704 Heerhugowaard,2022-02-19 08:30,1704:1a10,,,
2022-02-16 10:02,2022-02-16,3901,3902 Veenendaal,2022-02-16 11:15,3902:c6d1,,,,,,
2022-02-16 10:02,2022-02-17,3901,3902 Veenendaal,2022-02-17 09:15,3902:c6d1,,,,,,
2022-02-16 10:02,2022-02-18,3901,3902 Veenendaal,2022-02-18 09:00,3902:c6d1,,,,,,
2022-02-16 10:02,2022-02-19,3901,3902 Veenendaal,2022-02-19 09:00,3902:c6d1,,,,,,
2022-02-16 10:02,2022-02-16,2406,2402 Alphen a/d Rijn,2022-02-16 12:09,2402:584b,,,,,,
2022-02-16 10:03,2022-02-17,2406,2402 Alphen a/d Rijn,2022-02-17 09:09,2402:584b,,,,,,
2022-02-16 10:03,2022-02-18,2406,2402 Alphen a/d Rijn,2022-02-18 08:30,2402:584b,,,,,,
2022-02-16 10:03,2022-02-19,2406,2402 Alphen a/d Rijn,2022-02-19 08:09,2402:584b,,,,,,
2022-02-16 10:03,2022-02-16,4701,4704 Roosendaal,2022-02-16 12:30,4704:d9b5,,,,,,
2022-02-16 10:03,2022-02-17,4701,4704 Roosendaal,2022-02-17 09:30,4704:d9b5,,,,,,
2022-02-16 10:03,2022-02-18,4701,4704 Roosendaal,2022-02-18 09:15,4704:d9b5,,,,,,
2022-02-16 10:03,2022-02-19,4701,4704 Roosendaal,2022-02-19 09:15,4704:d9b5,,,,,,
2022-02-16 10:03,2022-02-16,6101,6101 Echt,2022-02-16 11:15,6101:feea,,,,,,
2022-02-16 10:03,2022-02-17,6101,6101 Echt,2022-02-17 08:15,6101:feea,,,,,,
2022-02-16 10:03,2022-02-18,6101,6101 Echt,2022-02-18 08:00,6101:feea,,,,,,
2022-02-16 10:03,2022-02-19,6101,6101 Echt,2022-02-19 08:00,6101:feea,,,,,,
2022-02-16 10:03,2022-02-16,4325,4325 Renesse,2022-02-16 11:12,4325:8db3,,,,,,
2022-02-16 10:03,2022-02-17,4325,4325 Renesse,2022-02-17 08:24,4325:8db3,,,,,,
2022-02-16 10:03,2022-02-18,4325,4325 Renesse,2022-02-18 08:15,4325:8db3,,,,,,
2022-02-16 10:03,2022-02-19,4325,4325 Renesse,2022-02-19 08:18,4325:8db3,,,,,,
2022-02-17 09:41,2022-02-18,3511,3552 Utrecht,2022-02-18 15:15,3552:3c0f,3527 Utrecht,2022-02-18 09:15,3527:d3f3,3534 Utrecht,2022-02-18 09:15,3534:472b
2022-02-17 09:41,2022-02-19,3511,3552 Utrecht,2022-02-19 09:00,3552:3c0f,3527 Utrecht,2022-02-19 09:00,3527:d3f3,3534 Utrecht,2022-02-19 09:00,3534:472b
2022-02-17 09:42,2022-02-18,3511,3552 Utrecht,2022-02-18 15:15,3552:3c0f,3527 Utrecht,2022-02-18 09:15,3527:d3f3,3534 Utrecht,2022-02-18 09:15,3534:472b
2022-02-17 09:42,2022-02-17,5611,5644 Eindhoven,2022-02-17 12:30,5644:7872,,,,,,
2022-02-17 09:43,2022-02-18,3511,3552 Utrecht,2022-02-18 15:15,3552:3c0f,3527 Utrecht,2022-02-18 09:15,3527:d3f3,3534 Utrecht,2022-02-18 09:15,3534:472b
2022-02-17 09:43,2022-02-17,5611,5644 Eindhoven,2022-02-17 12:15,5644:7872,,,,,,
2022-02-17 09:43,2022-02-18,5611,5644 Eindhoven,2022-02-18 09:00,5644:7872,,,,,,
2022-02-17 09:43,2022-02-17,5038,5048 Tilburg,2022-02-17 13:20,5048:eb06,,,,,,
2022-02-17 09:43,2022-02-18,5038,5048 Tilburg,2022-02-18 09:12,5048:eb06,,,,,,
2022-02-17 09:43,2022-02-17,9726,9711 Groningen,2022-02-17 15:15,9711:ed2c,9723 Groningen,2022-02-17 12:58,9723:e146,9743 Groningen,2022-02-17 15:30,9743:6abf
2022-02-17 09:43,2022-02-18,9726,9711 Groningen,2022-02-18 09:30,9711:ed2c,9723 Groningen,2022-02-18 09:12,9723:e146,9743 Groningen,2022-02-18 09:30,9743:6abf
2022-02-17 09:43,2022-02-17,8011,8013 Zwolle,2022-02-17 12:45,8013:1e91,,,,,,
2022-02-17 09:43,2022-02-18,8011,8013 Zwolle,2022-02-18 10:45,8013:1e91,,,,,,
2022-02-17 09:43,2022-02-19,8011,8013 Zwolle,2022-02-19 09:00,8013:1e91,,,,,,
2022-02-17 09:43,2022-02-17,6041,,,,,,,,,
2022-02-17 09:43,2022-02-18,6041,,,,,,,,,
2022-02-17 09:43,2022-02-19,6041,,,,,,,,,
2022-02-17 09:44,2022-02-20,6041,,,,,,,,,
2022-02-17 09:44,2022-02-17,1011,1078 Amsterdam,2022-02-17 13:00,1078:d1fd,1025 Amsterdam,2022-02-17 10:50,1025:4076,1034 Amsterdam,2022-02-17 14:30,1034:f67a
2022-02-17 09:44,2022-02-18,1011,1078 Amsterdam,2022-02-18 09:30,1078:d1fd,1025 Amsterdam,2022-02-18 08:00,1025:4076,1034 Amsterdam,2022-02-18 09:40,1034:f67a
2022-02-17 09:44,2022-02-17,3013,3045 Rotterdam,2022-02-17 11:48,3045:5690,3119 Schiedam,2022-02-17 14:33,3119:16e3,3077 Rotterdam,2022-02-17 11:39,3077:df6c
2022-02-17 09:44,2022-02-18,3013,3026 Rotterdam,2022-02-18 11:30,3026:0941,3119 Schiedam,2022-02-18 09:48,3119:16e3,3085 Rotterdam,2022-02-18 09:36,3085:3cda
2022-02-17 09:44,2022-02-17,2515,2516 Den Haag,2022-02-17 12:12,2516:a7ff,2512 Den Haag,2022-02-17 11:04,2512:c854,2597 Den Haag,2022-02-17 14:09,2597:377e
2022-02-17 09:44,2022-02-18,2515,2287 Rijswijk,2022-02-18 12:51,2287:731f,2612 Delft,2022-02-18 10:30,2612:70c8,2685 Poeldijk,2022-02-18 09:36,2685:3481
2022-02-17 09:44,2022-02-19,2515,2287 Rijswijk,2022-02-19 11:51,2287:731f,2612 Delft,2022-02-19 08:54,2612:70c8,2685 Poeldijk,2022-02-19 08:57,2685:3481
2022-02-17 09:44,2022-02-20,2515,2287 Rijswijk,2022-02-20 10:43,2287:731f,2612 Delft,2022-02-20 08:39,2612:70c8,2685 Poeldijk,2022-02-20 09:09,2685:3481
2022-02-17 09:44,2022-02-17,7311,7324 Apeldoorn,2022-02-17 14:16,7324:5c1f,,,,,,
2022-02-17 09:44,2022-02-18,7311,,,,,,,,,
2022-02-17 09:44,2022-02-19,7311,7324 Apeldoorn,2022-02-19 11:07,7324:5c1f,,,,,,
2022-02-17 09:44,2022-02-20,7311,7324 Apeldoorn,2022-02-20 10:46,7324:5c1f,,,,,,
2022-02-17 09:44,2022-02-17,6229,6229 Maastricht,2022-02-17 11:30,6229:121a,,,,,,
2022-02-17 09:44,2022-02-18,6229,6229 Maastricht,2022-02-18 09:15,6229:121a,,,,,,
2022-02-17 09:45,2022-02-17,7556,7556 Hengelo,2022-02-17 11:12,7556:3644,7514 Enschede,2022-02-17 11:30,7514:8035,,,
2022-02-17 09:45,2022-02-18,7556,7556 Hengelo,2022-02-18 08:51,7556:3644,7514 Enschede,2022-02-18 09:15,7514:8035,,,
2022-02-17 09:45,2022-02-17,6541,6541 Nijmegen,2022-02-17 12:09,6541:fa99,6662 Elst,2022-02-17 13:03,6662:96b8,6603 Wijchen,2022-02-17 11:15,6603:3380
2022-02-17 09:45,2022-02-18,6541,6541 Nijmegen,2022-02-18 08:42,6541:fa99,6662 Elst,2022-02-18 09:33,6662:96b8,6603 Wijchen,2022-02-18 08:06,6603:3380
2022-02-17 09:45,2022-02-17,8911,8924 Leeuwarden,2022-02-17 10:52,8924:58b0,,,,,,
2022-02-17 09:45,2022-02-18,8911,8924 Leeuwarden,2022-02-18 09:09,8924:58b0,,,,,,
2022-02-17 09:45,2022-02-17,8232,8242 Lelystad,2022-02-17 13:03,8242:849d,,,,,,
2022-02-17 09:45,2022-02-18,8232,8242 Lelystad,2022-02-18 09:45,8242:849d,,,,,,
2022-02-17 09:45,2022-02-17,4462,4462 Goes,2022-02-17 10:54,4462:60da,4462 Goes,2022-02-17 10:48,4462:6e15,,,
2022-02-17 09:45,2022-02-18,4462,4462 Goes,2022-02-18 08:27,4462:60da,4462 Goes,2022-02-18 09:03,4462:6e15,,,
2022-02-17 09:45,2022-02-17,9501,9502 Stadskanaal,2022-02-17 12:15,9502:747f,,,,,,
2022-02-17 09:45,2022-02-18,9501,9502 Stadskanaal,2022-02-18 10:00,9502:747f,,,,,,
2022-02-17 09:45,2022-02-19,9501,9502 Stadskanaal,2022-02-19 09:30,9502:747f,,,,,,
2022-02-17 09:45,2022-02-17,1625,1627 Hoorn,2022-02-17 13:15,1627:b1ca,,,,,,
2022-02-17 09:45,2022-02-18,1625,1627 Hoorn,2022-02-18 09:30,1627:b1ca,,,,,,
2022-02-17 09:46,2022-02-17,9291,9291 Kollum,2022-02-17 11:28,9291:7875,,,,,,
2022-02-17 09:46,2022-02-18,9291,9291 Kollum,2022-02-18 09:00,9291:7875,,,,,,
2022-02-17 09:46,2022-02-17,5401,5406 Uden,2022-02-17 10:49,5406:fec5,,,,,,
2022-02-17 09:46,2022-02-18,5401,5406 Uden,2022-02-18 09:39,5406:fec5,,,,,,
2022-02-17 09:46,2022-02-17,7903,7903 Hoogeveen,2022-02-17 13:23,7903:64b3,,,,,,
2022-02-17 09:46,2022-02-18,7903,7903 Hoogeveen,2022-02-18 09:27,7903:64b3,,,,,,
2022-02-17 09:46,2022-02-17,7942,7942 Meppel,2022-02-17 13:57,7942:5846,7951 Staphorst,2022-02-17 12:15,7951:0243,,,
2022-02-17 09:46,2022-02-18,7942,7942 Meppel,2022-02-18 09:06,7942:5846,7951 Staphorst,2022-02-18 09:00,7951:0243,,,
2022-02-17 09:46,2022-02-17,7471,7471 Goor,2022-02-17 11:15,7471:149c,,,,,,
2022-02-17 09:46,2022-02-18,7471,7471 Goor,2022-02-18 09:00,7471:149c,,,,,,
2022-02-17 09:46,2022-02-17,5801,5807 Oostrum,2022-02-17 11:00,5807:ff2f,,,,,,
2022-02-17 09:46,2022-02-18,5801,5807 Oostrum,2022-02-18 08:00,5807:ff2f,,,,,,
2022-02-17 09:46,2022-02-17,8442,,,,,,,,,
2022-02-17 09:46,2022-02-18,8442,8447 Heerenveen,2022-02-18 09:21,8447:9987,,,,,,
2022-02-17 09:46,2022-02-17,7131,7141 Groenlo,2022-02-17 11:55,7141:2c44,,,,,,
2022-02-17 09:47,2022-02-18,7131,7131 Lichtenvoorde,2022-02-18 09:03,7131:943a,7141 Groenlo,2022-02-18 08:45,7141:2c44,,,
2022-02-17 09:47,2022-02-17,1811,1812 Alkmaar,2022-02-17 14:30,1812:8408,1704 Heerhugowaard,2022-02-17 11:45,1704:1a10,,,
2022-02-17 09:47,2022-02-18,1811,1812 Alkmaar,2022-02-18 10:15,1812:8408,1704 Heerhugowaard,2022-02-18 09:00,1704:1a10,,,
2022-02-17 09:47,2022-02-19,1811,1812 Alkmaar,2022-02-19 09:15,1812:8408,1704 Heerhugowaard,2022-02-19 08:30,1704:1a10,,,
2022-02-17 09:47,2022-02-17,3901,3902 Veenendaal,2022-02-17 11:00,3902:c6d1,,,,,,
2022-02-17 09:47,2022-02-18,3901,3902 Veenendaal,2022-02-18 09:15,3902:c6d1,,,,,,
2022-02-17 09:47,2022-02-17,2406,2402 Alphen a/d Rijn,2022-02-17 11:39,2402:584b,,,,,,
2022-02-17 09:47,2022-02-18,2406,2402 Alphen a/d Rijn,2022-02-18 09:09,2402:584b,,,,,,
2022-02-17 09:47,2022-02-17,4701,4704 Roosendaal,2022-02-17 13:45,4704:d9b5,,,,,,
2022-02-17 09:47,2022-02-18,4701,4704 Roosendaal,2022-02-18 08:30,4704:d9b5,,,,,,
2022-02-17 09:47,2022-02-17,6101,6101 Echt,2022-02-17 11:00,6101:feea,,,,,,
2022-02-17 09:47,2022-02-18,6101,6101 Echt,2022-02-18 08:00,6101:feea,,,,,,
2022-02-17 09:47,2022-02-17,4325,4325 Renesse,2022-02-17 10:48,4325:8db3,,,,,,
2022-02-17 09:47,2022-02-18,4325,4325 Renesse,2022-02-18 08:21,4325:8db3,,,,,,
2022-02-18 09:39,2022-02-18,3511,3527 Utrecht,2022-02-18 10:45,3527:d3f3,3534 Utrecht,2022-02-18 11:45,3534:472b,3526 Utrecht,2022-02-18 18:45,3526:d463
2022-02-18 09:39,2022-02-19,3511,3552 Utrecht,2022-02-19 09:15,3552:3c0f,3527 Utrecht,2022-02-19 09:15,3527:d3f3,3534 Utrecht,2022-02-19 09:15,3534:472b
2022-02-18 09:39,2022-02-20,3511,3552 Utrecht,2022-02-20 09:00,3552:3c0f,3527 Utrecht,2022-02-20 09:00,3527:d3f3,3534 Utrecht,2022-02-20 09:00,3534:472b
2022-02-18 09:39,2022-02-18,5611,,,,,,,,,
2022-02-18 09:39,2022-02-19,5611,5644 Eindhoven,2022-02-19 09:15,5644:7872,,,,,,
2022-02-18 09:40,2022-02-20,5611,5644 Eindhoven,2022-02-20 08:30,5644:7872,,,,,,
2022-02-18 09:40,2022-02-18,5038,5048 Tilburg,2022-02-18 12:22,5048:eb06,,,,,,
2022-02-18 09:40,2022-02-19,5038,5048 Tilburg,2022-02-19 08:39,5048:eb06,,,,,,
2022-02-18 09:40,2022-02-18,9726,9711 Groningen,2022-02-18 13:30,9711:ed2c,9723 Groningen,2022-02-18 12:02,9723:e146,9743 Groningen,2022-02-18 14:00,9743:6abf
2022-02-18 09:40,2022-02-19,9726,9711 Groningen,2022-02-19 09:15,9711:ed2c,9723 Groningen,2022-02-19 08:51,9723:e146,9743 Groningen,2022-02-19 09:15,9743:6abf
2022-02-18 09:40,2022-02-18,8011,8013 Zwolle,2022-02-18 12:30,8013:1e91,,,,,,
2022-02-18 09:40,2022-02-19,8011,8013 Zwolle,2022-02-19 10:00,8013:1e91,,,,,,
2022-02-18 09:40,2022-02-20,8011,8013 Zwolle,2022-02-20 09:15,8013:1e91,,,,,,
2022-02-18 09:40,2022-02-21,8011,8013 Zwolle,2022-02-21 09:00,8013:1e91,,,,,,
2022-02-18 09:40,2022-02-18,6041,,,,,,,,,
2022-02-18 09:40,2022-02-19,6041,,,,,,,,,
2022-02-18 09:40,2022-02-20,6041,,,,,,,,,
2022-02-18 09:40,2022-02-21,6041,,,,,,,,,
2022-02-18 09:40,2022-02-18,1011,1078 Amsterdam,2022-02-18 11:20,1078:d1fd,1025 Amsterdam,2022-02-18 10:50,1025:4076,1043 Amsterdam,2022-02-18 10:50,1043:90eb
2022-02-18 09:40,2022-02-19,1011,1078 Amsterdam,2022-02-19 09:00,1078:d1fd,1025 Amsterdam,2022-02-19 07:50,1025:4076,1034 Amsterdam,2022-02-19 09:40,1034:f67a
2022-02-18 09:41,2022-02-18,3013,,,,,,,,,
2022-02-18 09:41,2022-02-19,3013,3026 Rotterdam,2022-02-19 11:42,3026:0941,3085 Rotterdam,2022-02-19 09:45,3085:3cda,3078 Rotterdam,2022-02-19 10:57,3078:6b21
2022-02-18 09:41,2022-02-20,3013,3026 Rotterdam,2022-02-20 10:21,3026:0941,3119 Schiedam,2022-02-20 10:06,3119:16e3,3085 Rotterdam,2022-02-20 10:06,3085:3cda
2022-02-18 09:41,2022-02-21,3013,3032 Rotterdam,2022-02-21 09:06,3032:8483,3026 Rotterdam,2022-02-21 09:42,3026:0941,3072 Rotterdam,2022-02-21 09:39,3072:0ab5
2022-02-18 09:41,2022-02-18,2515,2512 Den Haag,2022-02-18 10:58,2512:c854,2287 Rijswijk,2022-02-18 11:38,2287:731f,2685 Poeldijk,2022-02-18 11:24,2685:3481
2022-02-18 09:41,2022-02-19,2515,2512 Den Haag,2022-02-19 08:42,2512:c854,2597 Den Haag,2022-02-19 08:33,2597:377e,2287 Rijswijk,2022-02-19 08:51,2287:731f
2022-02-18 09:41,2022-02-18,7311,,,,,,,,,
2022-02-18 09:41,2022-02-19,7311,7324 Apeldoorn,2022-02-19 11:58,7324:5c1f,,,,,,
2022-02-18 09:41,2022-02-20,7311,7324 Apeldoorn,2022-02-20 10:52,7324:5c1f,,,,,,
2022-02-18 09:41,2022-02-21,7311,7324 Apeldoorn,2022-02-21 10:46,7324:5c1f,,,,,,
2022-02-18 09:41,2022-02-18,6229,6229 Maastricht,2022-02-18 11:00,6229:121a,,,,,,
2022-02-18 09:41,2022-02-19,6229,6229 Maastricht,2022-02-19 09:15,6229:121a,,,,,,
2022-02-18 09:41,2022-02-20,6229,6229 Maastricht,2022-02-20 08:30,6229:121a,,,,,,
2022-02-18 09:41,2022-02-18,7556,7556 Hengelo,2022-02-18 11:03,7556:3644,,,,,,
2022-02-18 09:41,2022-02-19,7556,7556 Hengelo,2022-02-19 09:12,7556:3644,7514 Enschede,2022-02-19 08:45,7514:8035,,,
2022-02-18 09:42,2022-02-20,7556,7556 Hengelo,2022-02-20 09:06,7556:3644,7514 Enschede,2022-02-20 08:15,7514:8035,,,
2022-02-18 09:42,2022-02-21,7556,7556 Hengelo,2022-02-21 08:33,7556:3644,7514 Enschede,2022-02-21 08:15,7514:8035,,,
2022-02-18 09:42,2022-02-18,6541,6541 Nijmegen,2022-02-18 11:12,6541:fa99,6662 Elst,2022-02-18 11:15,6662:96b8,6603 Wijchen,2022-02-18 11:15,6603:3380
2022-02-18 09:42,2022-02-19,6541,6541 Nijmegen,2022-02-19 08:30,6541:fa99,6662 Elst,2022-02-19 09:42,6662:96b8,,,
2022-02-18 09:42,2022-02-18,8911,8924 Leeuwarden,2022-02-18 10:52,8924:58b0,,,,,,
2022-02-18 09:42,2022-02-19,8911,8924 Leeuwarden,2022-02-19 09:00,8924:58b0,,,,,,
2022-02-18 09:42,2022-02-18,8232,8242 Lelystad,2022-02-18 10:54,8242:849d,,,,,,
2022-02-18 09:42,2022-02-19,8232,8242 Lelystad,2022-02-19 09:51,8242:849d,,,,,,
2022-02-18 09:42,2022-02-20,8232,8242 Lelystad,2022-02-20 09:45,8242:849d,,,,,,
2022-02-18 09:42,2022-02-21,8232,8242 Lelystad,2022-02-21 09:30,8242:849d,,,,,,
2022-02-18 09:42,2022-02-18,4462,4462 Goes,2022-02-18 10:45,4462:60da,4462 Goes,2022-02-18 10:48,4462:6e15,,,
2022-02-18 09:42,2022-02-19,4462,4462 Goes,2022-02-19 08:15,4462:60da,4462 Goes,2022-02-19 10:06,4462:6e15,,,
2022-02-18 09:42,2022-02-18,9501,9502 Stadskanaal,2022-02-18 10:45,9502:747f,,,,,,
2022-02-18 09:42,2022-02-19,9501,9502 Stadskanaal,2022-02-19 09:45,9502:747f,,,,,,
2022-02-18 09:42,2022-02-20,9501,9502 Stadskanaal,2022-02-20 09:30,9502:747f,,,,,,
2022-02-18 09:43,2022-02-21,9501,9502 Stadskanaal,2022-02-21 09:30,9502:747f,,,,,,
2022-02-18 09:43,2022-02-18,1625,1627 Hoorn,2022-02-18 11:45,1627:b1ca,,,,,,
2022-02-18 09:43,2022-02-19,1625,1627 Hoorn,2022-02-19 09:00,1627:b1ca,,,,,,
2022-02-18 09:43,2022-02-18,9291,9291 Kollum,2022-02-18 10:58,9291:7875,,,,,,
2022-02-18 09:43,2022-02-19,9291,9291 Kollum,2022-02-19 08:54,9291:7875,,,,,,
2022-02-18 09:43,2022-02-18,5401,5406 Uden,2022-02-18 11:16,5406:fec5,,,,,,
2022-02-18 09:43,2022-02-19,5401,5406 Uden,2022-02-19 08:36,5406:fec5,,,,,,
2022-02-18 09:43,2022-02-18,7903,7903 Hoogeveen,2022-02-18 12:18,7903:64b3,,,,,,
2022-02-18 09:43,2022-02-19,7903,7903 Hoogeveen,2022-02-19 09:15,7903:64b3,,,,,,
2022-02-18 09:43,2022-02-20,7903,7903 Hoogeveen,2022-02-20 09:06,7903:64b3,,,,,,
2022-02-18 09:43,2022-02-21,7903,7903 Hoogeveen,2022-02-21 09:09,7903:64b3,,,,,,
2022-02-18 09:43,2022-02-18,7942,7942 Meppel,2022-02-18 10:57,7942:5846,7951 Staphorst,2022-02-18 11:30,7951:0243,,,
2022-02-18 09:43,2022-02-19,7942,7942 Meppel,2022-02-19 09:24,7942:5846,7951 Staphorst,2022-02-19 09:15,7951:0243,,,
2022-02-18 09:43,2022-02-20,7942,7942 Meppel,2022-02-20 09:03,7942:5846,7951 Staphorst,2022-02-20 09:00,7951:0243,,,
2022-02-18 09:43,2022-02-21,7942,7942 Meppel,2022-02-21 09:03,7942:5846,7951 Staphorst,2022-02-21 09:00,7951:0243,,,
2022-02-18 09:44,2022-02-18,7471,,,,,,,,,
2022-02-18 09:44,2022-02-19,7471,7471 Goor,2022-02-19 08:45,7471:149c,,,,,,
2022-02-18 09:44,2022-02-18,5801,5807 Oostrum,2022-02-18 10:45,5807:ff2f,,,,,,
2022-02-18 09:44,2022-02-19,5801,5807 Oostrum,2022-02-19 08:00,5807:ff2f,,,,,,
2022-02-18 09:44,2022-02-18,8442,,,,,,,,,
2022-02-18 09:44,2022-02-19,8442,8447 Heerenveen,2022-02-19 09:09,8447:9987,,,,,,
2022-02-18 09:44,2022-02-20,8442,8447 Heerenveen,2022-02-20 08:48,8447:9987,,,,,,
2022-02-18 09:44,2022-02-18,7131,7141 Groenlo,2022-02-18 11:43,7141:2c44,,,,,,
2022-02-18 09:44,2022-02-19,7131,7131 Lichtenvoorde,2022-02-19 09:57,7131:943a,7141 Groenlo,2022-02-19 08:39,7141:2c44,,,
2022-02-18 09:44,2022-02-20,7131,7131 Lichtenvoorde,2022-02-20 08:36,7131:943a,7141 Groenlo,2022-02-20 08:36,7141:2c44,,,
2022-02-18 09:44,2022-02-18,1811,1812 Alkmaar,2022-02-18 11:45,1812:8408,1704 Heerhugowaard,2022-02-18 10:45,1704:1a10,,,
2022-02-18 09:44,2022-02-19,1811,1812 Alkmaar,2022-02-19 10:15,1812:8408,1704 Heerhugowaard,2022-02-19 08:45,1704:1a10,,,
2022-02-18 09:44,2022-02-20,1811,1812 Alkmaar,2022-02-20 09:00,1812:8408,1704 Heerhugowaard,2022-02-20 08:30,1704:1a10,,,
2022-02-18 09:44,2022-02-18,3901,3902 Veenendaal,2022-02-18 10:45,3902:c6d1,,,,,,
2022-02-18 09:44,2022-02-19,3901,3902 Veenendaal,2022-02-19 09:00,3902:c6d1,,,,,,
2022-02-18 09:45,2022-02-18,2406,2402 Alphen a/d Rijn,2022-02-18 10:48,2402:584b,,,,,,
2022-02-18 09:45,2022-02-19,2406,2402 Alphen a/d Rijn,2022-02-19 08:42,2402:584b,,,,,,
2022-02-18 09:45,2022-02-18,4701,4704 Roosendaal,2022-02-18 11:30,4704:d9b5,,,,,,
2022-02-18 09:45,2022-02-19,4701,4704 Roosendaal,2022-02-19 09:45,4704:d9b5,,,,,,
2022-02-18 09:45,2022-02-20,4701,4704 Roosendaal,2022-02-20 09:15,4704:d9b5,,,,,,
2022-02-18 09:45,2022-02-21,4701,4704 Roosendaal,2022-02-21 09:00,4704:d9b5,,,,,,
2022-02-18 09:45,2022-02-18,6101,6101 Echt,2022-02-18 11:00,6101:feea,,,,,,
2022-02-18 09:45,2022-02-19,6101,6101 Echt,2022-02-19 08:00,6101:feea,,,,,,
2022-02-18 09:45,2022-02-18,4325,,,,,,,,,
2022-02-18 09:45,2022-02-19,4325,4325 Renesse,2022-02-19 08:39,4325:8db3,,,,,,
2022-02-18 10:28,2022-02-18,3511,3527 Utrecht,2022-02-18 11:30,3527:d3f3,3526 Utrecht,2022-02-18 18:45,3526:d463,3563 Utrecht,2022-02-18 18:45,3563:0108
2022-02-18 10:28,2022-02-19,3511,3552 Utrecht,2022-02-19 09:15,3552:3c0f,3527 Utrecht,2022-02-19 09:15,3527:d3f3,3534 Utrecht,2022-02-19 09:15,3534:472b
2022-02-18 10:28,2022-02-20,3511,3552 Utrecht,2022-02-20 09:00,3552:3c0f,3527 Utrecht,2022-02-20 09:00,3527:d3f3,3534 Utrecht,2022-02-20 09:00,3534:472b
2022-02-18 10:28,2022-02-18,5611,,,,,,,,,
2022-02-18 10:28,2022-02-19,5611,5644 Eindhoven,2022-02-19 09:15,5644:7872,,,,,,
2022-02-18 10:28,2022-02-20,5611,5644 Eindhoven,2022-02-20 08:30,5644:7872,,,,,,
2022-02-18 10:28,2022-02-18,5038,,,,,,,,,
2022-02-18 10:28,2022-02-19,5038,5048 Tilburg,2022-02-19 08:45,5048:eb06,,,,,,
2022-02-18 10:28,2022-02-18,9726,9723 Groningen,2022-02-18 12:31,9723:e146,9747 Groningen,2022-02-18 13:15,9747:1c04,,,
2022-02-18 10:28,2022-02-19,9726,9711 Groningen,2022-02-19 09:30,9711:ed2c,9723 Groningen,2022-02-19 08:57,9723:e146,9743 Groningen,2022-02-19 09:30,9743:6abf
2022-02-18 10:28,2022-02-18,8011,8013 Zwolle,2022-02-18 12:45,8013:1e91,,,,,,
2022-02-18 10:28,2022-02-19,8011,8013 Zwolle,2022-02-19 10:00,8013:1e91,,,,,,
2022-02-18 10:28,2022-02-20,8011,8013 Zwolle,2022-02-20 09:15,8013:1e91,,,,,,
2022-02-18 10:28,2022-02-21,8011,8013 Zwolle,2022-02-21 09:00,8013:1e91,,,,,,
2022-02-18 10:28,2022-02-18,6041,,,,,,,,,
2022-02-18 10:29,2022-02-19,6041,,,,,,,,,
2022-02-18 10:29,2022-02-20,6041,,,,,,,,,
2022-02-18 10:29,2022-02-21,6041,,,,,,,,,
2022-02-18 10:29,2022-02-18,1011,1078 Amsterdam,2022-02-18 11:30,1078:d1fd,1025 Amsterdam,2022-02-18 11:40,1025:4076,1043 Amsterdam,2022-02-18 11:40,1043:90eb
2022-02-18 10:29,2022-02-19,1011,1078 Amsterdam,2022-02-19 09:00,1078:d1fd,1025 Amsterdam,2022-02-19 07:50,1025:4076,1034 Amsterdam,2022-02-19 09:30,1034:f67a
2022-02-18 10:29,2022-02-18,3013,,,,,,,,,
2022-02-18 10:29,2022-02-19,3013,3026 Rotterdam,2022-02-19 11:39,3026:0941,3119 Schiedam,2022-02-19 09:27,3119:16e3,3085 Rotterdam,2022-02-19 09:15,3085:3cda
2022-02-18 10:29,2022-02-20,3013,3026 Rotterdam,2022-02-20 10:27,3026:0941,3119 Schiedam,2022-02-20 10:12,3119:16e3,3085 Rotterdam,2022-02-20 10:06,3085:3cda
2022-02-18 10:29,2022-02-21,3013,3032 Rotterdam,2022-02-21 09:06,3032:8483,3026 Rotterdam,2022-02-21 09:42,3026:0941,3072 Rotterdam,2022-02-21 09:39,3072:0ab5
2022-02-18 10:29,2022-02-18,2515,2512 Den Haag,2022-02-18 11:36,2512:c854,,,,,,
2022-02-18 10:29,2022-02-19,2515,2512 Den Haag,2022-02-19 08:48,2512:c854,2597 Den Haag,2022-02-19 08:45,2597:377e,2287 Rijswijk,2022-02-19 08:51,2287:731f
2022-02-18 10:29,2022-02-18,7311,,,,,,,,,
2022-02-18 10:29,2022-02-19,7311,7324 Apeldoorn,2022-02-19 12:10,7324:5c1f,,,,,,
2022-02-18 10:29,2022-02-20,7311,7324 Apeldoorn,2022-02-20 10:52,7324:5c1f,,,,,,
2022-02-18 10:29,2022-02-21,7311,7324 Apeldoorn,2022-02-21 10:46,7324:5c1f,,,,,,
2022-02-18 10:30,2022-02-18,6229,6229 Maastricht,2022-02-18 11:45,6229:121a,,,,,,
2022-02-18 10:30,2022-02-19,6229,6229 Maastricht,2022-02-19 09:15,6229:121a,,,,,,
2022-02-18 10:30,2022-02-20,6229,6229 Maastricht,2022-02-20 08:30,6229:121a,,,,,,
2022-02-18 10:30,2022-02-18,7556,7556 Hengelo,2022-02-18 12:27,7556:3644,,,,,,
2022-02-18 10:30,2022-02-19,7556,7556 Hengelo,2022-02-19 09:18,7556:3644,7514 Enschede,2022-02-19 09:15,7514:8035,,,
2022-02-18 10:30,2022-02-20,7556,7556 Hengelo,2022-02-20 09:06,7556:3644,7514 Enschede,2022-02-20 08:30,7514:8035,,,
2022-02-18 10:30,2022-02-21,7556,7556 Hengelo,2022-02-21 08:33,7556:3644,7514 Enschede,2022-02-21 08:15,7514:8035,,,
2022-02-18 10:30,2022-02-18,6541,6541 Nijmegen,2022-02-18 11:51,6541:fa99,6662 Elst,2022-02-18 11:57,6662:96b8,6603 Wijchen,2022-02-18 11:33,6603:3380
2022-02-18 10:30,2022-02-19,6541,6541 Nijmegen,2022-02-19 08:33,6541:fa99,6662 Elst,2022-02-19 09:39,6662:96b8,,,
2022-02-18 10:30,2022-02-18,8911,8924 Leeuwarden,2022-02-18 11:31,8924:58b0,,,,,,
2022-02-18 10:30,2022-02-19,8911,8924 Leeuwarden,2022-02-19 09:03,8924:58b0,,,,,,
2022-02-18 10:30,2022-02-20,8911,8924 Leeuwarden,2022-02-20 08:45,8924:58b0,,,,,,
2022-02-18 10:30,2022-02-18,8232,8242 Lelystad,2022-02-18 11:51,8242:849d,,,,,,
2022-02-18 10:30,2022-02-19,8232,8242 Lelystad,2022-02-19 09:51,8242:849d,,,,,,
2022-02-18 10:30,2022-02-20,8232,8242 Lelystad,2022-02-20 09:45,8242:849d,,,,,,
2022-02-18 10:31,2022-02-21,8232,8242 Lelystad,2022-02-21 09:33,8242:849d,,,,,,
2022-02-18 10:31,2022-02-18,4462,4462 Goes,2022-02-18 11:33,4462:6e15,4462 Goes,2022-02-18 11:33,4462:60da,,,
2022-02-18 10:31,2022-02-19,4462,4462 Goes,2022-02-19 08:15,4462:60da,4462 Goes,2022-02-19 09:57,4462:6e15,,,
2022-02-18 10:31,2022-02-18,9501,9502 Stadskanaal,2022-02-18 12:15,9502:747f,,,,,,
2022-02-18 10:31,2022-02-19,9501,9502 Stadskanaal,2022-02-19 09:45,9502:747f,,,,,,
2022-02-18 10:31,2022-02-20,9501,9502 Stadskanaal,2022-02-20 09:30,9502:747f,,,,,,
2022-02-18 10:31,2022-02-21,9501,9502 Stadskanaal,2022-02-21 09:30,9502:747f,,,,,,
2022-02-18 10:31,2022-02-18,1625,1627 Hoorn,2022-02-18 13:00,1627:b1ca,,,,,,
2022-02-18 10:31,2022-02-19,1625,1627 Hoorn,2022-02-19 09:00,1627:b1ca,,,,,,
2022-02-18 10:31,2022-02-18,9291,9291 Kollum,2022-02-18 11:33,9291:7875,,,,,,
2022-02-18 10:31,2022-02-19,9291,9291 Kollum,2022-02-19 08:54,9291:7875,,,,,,
2022-02-18 10:31,2022-02-18,5401,5406 Uden,2022-02-18 12:22,5406:fec5,,,,,,
2022-02-18 10:31,2022-02-19,5401,5406 Uden,2022-02-19 08:48,5406:fec5,,,,,,
2022-02-18 10:31,2022-02-18,7903,7903 Hoogeveen,2022-02-18 12:24,7903:64b3,,,,,,
2022-02-18 10:31,2022-02-19,7903,7903 Hoogeveen,2022-02-19 09:24,7903:64b3,,,,,,
2022-02-18 10:32,2022-02-20,7903,7903 Hoogeveen,2022-02-20 09:06,7903:64b3,,,,,,
2022-02-18 10:32,2022-02-21,7903,7903 Hoogeveen,2022-02-21 09:09,7903:64b3,,,,,,
2022-02-18 10:32,2022-02-18,7942,7942 Meppel,2022-02-18 12:12,7942:5846,7951 Staphorst,2022-02-18 12:30,7951:0243,,,
2022-02-18 10:32,2022-02-19,7942,7942 Meppel,2022-02-19 09:27,7942:5846,7951 Staphorst,2022-02-19 09:15,7951:0243,,,
2022-02-18 10:32,2022-02-20,7942,7942 Meppel,2022-02-20 09:03,7942:5846,7951 Staphorst,2022-02-20 09:00,7951:0243,,,
2022-02-18 10:32,2022-02-21,7942,7942 Meppel,2022-02-21 09:06,7942:5846,7951 Staphorst,2022-02-21 09:00,7951:0243,,,
2022-02-18 10:32,2022-02-18,7471,,,,,,,,,
2022-02-18 10:32,2022-02-19,7471,7471 Goor,2022-02-19 08:45,7471:149c,,,,,,
2022-02-18 10:32,2022-02-18,5801,5807 Oostrum,2022-02-18 11:45,5807:ff2f,,,,,,
2022-02-18 10:32,2022-02-19,5801,5807 Oostrum,2022-02-19 08:15,5807:ff2f,,,,,,
2022-02-18 10:32,2022-02-18,8442,,,,,,,,,
2022-02-18 10:32,2022-02-19,8442,8447 Heerenveen,2022-02-19 09:21,8447:9987,,,,,,
2022-02-18 10:32,2022-02-20,8442,8447 Heerenveen,2022-02-20 08:48,8447:9987,,,,,,
2022-02-18 10:32,2022-02-18,7131,7141 Groenlo,2022-02-18 13:01,7141:2c44,,,,,,
2022-02-18 10:32,2022-02-19,7131,7131 Lichtenvoorde,2022-02-19 10:03,7131:943a,7141 Groenlo,2022-02-19 08:39,7141:2c44,,,
2022-02-18 10:33,2022-02-20,7131,7131 Lichtenvoorde,2022-02-20 08:39,7131:943a,7141 Groenlo,2022-02-20 08:36,7141:2c44,,,
2022-02-18 10:33,2022-02-18,1811,1704 Heerhugowaard,2022-02-18 13:30,1704:1a10,,,,,,
2022-02-18 10:33,2022-02-19,1811,1812 Alkmaar,2022-02-19 10:15,1812:8408,1704 Heerhugowaard,2022-02-19 08:45,1704:1a10,,,
2022-02-18 10:33,2022-02-20,1811,1812 Alkmaar,2022-02-20 09:00,1812:8408,1704 Heerhugowaard,2022-02-20 08:30,1704:1a10,,,
2022-02-18 10:33,2022-02-18,3901,3902 Veenendaal,2022-02-18 11:45,3902:c6d1,,,,,,
2022-02-18 10:33,2022-02-19,3901,3902 Veenendaal,2022-02-19 09:00,3902:c6d1,,,,,,
2022-02-18 10:33,2022-02-18,2406,2402 Alphen a/d Rijn,2022-02-18 11:45,2402:584b,,,,,,
2022-02-18 10:33,2022-02-19,2406,2402 Alphen a/d Rijn,2022-02-19 08:48,2402:584b,,,,,,
2022-02-18 10:33,2022-02-18,4701,4704 Roosendaal,2022-02-18 12:00,4704:d9b5,,,,,,
2022-02-18 10:33,2022-02-19,4701,4704 Roosendaal,2022-02-19 09:45,4704:d9b5,,,,,,
2022-02-18 10:33,2022-02-20,4701,4704 Roosendaal,2022-02-20 09:15,4704:d9b5,,,,,,
2022-02-18 10:33,2022-02-21,4701,4704 Roosendaal,2022-02-21 09:00,4704:d9b5,,,,,,
2022-02-18 10:33,2022-02-18,6101,6101 Echt,2022-02-18 11:45,6101:feea,,,,,,
2022-02-18 10:33,2022-02-19,6101,6101 Echt,2022-02-19 08:15,6101:feea,,,,,,
2022-02-18 10:33,2022-02-18,4325,,,,,,,,,
2022-02-18 10:34,2022-02-19,4325,4325 Renesse,2022-02-19 08:42,4325:8db3,,,,,,
# scan_time,req_date,req_pc4,opt0_short_addr,opt0_time,opt0_loc_id,opt1_short_addr,opt1_time,opt1_loc_id,opt2_short_addr,opt2_time,opt2_loc_id
2022-02-19 10:51,2022-02-19,3511,3534 Utrecht,2022-02-19 12:30,3534:472b,3563 Utrecht,2022-02-19 17:45,3563:0108,,,
2022-02-19 10:51,2022-02-20,3511,3552 Utrecht,2022-02-20 09:15,3552:3c0f,3527 Utrecht,2022-02-20 09:15,3527:d3f3,3534 Utrecht,2022-02-20 09:15,3534:472b
2022-02-19 10:51,2022-02-21,3511,3552 Utrecht,2022-02-21 14:45,3552:3c0f,3527 Utrecht,2022-02-21 09:15,3527:d3f3,3562 Utrecht,2022-02-21 18:45,3562:ffee
2022-02-19 10:51,2022-02-22,3511,3552 Utrecht,2022-02-22 14:45,3552:3c0f,3527 Utrecht,2022-02-22 09:00,3527:d3f3,3562 Utrecht,2022-02-22 18:45,3562:ffee
2022-02-19 10:51,2022-02-19,5611,5644 Eindhoven,2022-02-19 13:45,5644:7872,,,,,,
2022-02-19 10:51,2022-02-20,5611,5644 Eindhoven,2022-02-20 08:45,5644:7872,,,,,,
2022-02-19 10:51,2022-02-19,5038,5048 Tilburg,2022-02-19 11:52,5048:eb06,,,,,,
2022-02-19 10:51,2022-02-20,5038,5048 Tilburg,2022-02-20 08:42,5048:eb06,,,,,,
2022-02-19 10:51,2022-02-19,9726,9711 Groningen,2022-02-19 12:45,9711:ed2c,9723 Groningen,2022-02-19 11:52,9723:e146,9743 Groningen,2022-02-19 14:15,9743:6abf
2022-02-19 10:52,2022-02-20,9726,9711 Groningen,2022-02-20 09:15,9711:ed2c,9723 Groningen,2022-02-20 09:00,9723:e146,9743 Groningen,2022-02-20 09:15,9743:6abf
2022-02-19 10:52,2022-02-19,8011,8013 Zwolle,2022-02-19 12:45,8013:1e91,,,,,,
2022-02-19 10:52,2022-02-20,8011,8013 Zwolle,2022-02-20 09:15,8013:1e91,,,,,,
2022-02-19 10:52,2022-02-21,8011,8013 Zwolle,2022-02-21 09:00,8013:1e91,,,,,,
2022-02-19 10:52,2022-02-19,6041,,,,,,,,,
2022-02-19 10:52,2022-02-20,6041,,,,,,,,,
2022-02-19 10:52,2022-02-21,6041,,,,,,,,,
2022-02-19 10:52,2022-02-22,6041,,,,,,,,,
2022-02-19 10:52,2022-02-19,1011,1078 Amsterdam,2022-02-19 12:10,1078:d1fd,1025 Amsterdam,2022-02-19 12:00,1025:4076,1034 Amsterdam,2022-02-19 14:20,1034:f67a
2022-02-19 10:52,2022-02-20,1011,1078 Amsterdam,2022-02-20 09:00,1078:d1fd,1025 Amsterdam,2022-02-20 07:50,1025:4076,1034 Amsterdam,2022-02-20 09:30,1034:f67a
2022-02-19 10:52,2022-02-19,3013,3045 Rotterdam,2022-02-19 12:06,3045:5690,3085 Rotterdam,2022-02-19 12:45,3085:3cda,3077 Rotterdam,2022-02-19 11:57,3077:df6c
2022-02-19 10:52,2022-02-20,3013,3026 Rotterdam,2022-02-20 11:42,3026:0941,3045 Rotterdam,2022-02-20 09:48,3045:5690,3085 Rotterdam,2022-02-20 11:12,3085:3cda
2022-02-19 10:52,2022-02-21,3013,3032 Rotterdam,2022-02-21 09:18,3032:8483,3026 Rotterdam,2022-02-21 09:45,3026:0941,3072 Rotterdam,2022-02-21 10:00,3072:0ab5
2022-02-19 10:52,2022-02-22,3013,3032 Rotterdam,2022-02-22 09:03,3032:8483,3026 Rotterdam,2022-02-22 09:30,3026:0941,3072 Rotterdam,2022-02-22 09:39,3072:0ab5
2022-02-19 10:52,2022-02-19,2515,2512 Den Haag,2022-02-19 11:54,2512:c854,2597 Den Haag,2022-02-19 14:30,2597:377e,2287 Rijswijk,2022-02-19 11:53,2287:731f
2022-02-19 10:53,2022-02-20,2515,2512 Den Haag,2022-02-20 08:30,2512:c854,2597 Den Haag,2022-02-20 08:30,2597:377e,2287 Rijswijk,2022-02-20 08:30,2287:731f
2022-02-19 10:53,2022-02-19,7311,,,,,,,,,
2022-02-19 10:53,2022-02-20,7311,7324 Apeldoorn,2022-02-20 12:58,7324:5c1f,,,,,,
2022-02-19 10:53,2022-02-21,7311,7324 Apeldoorn,2022-02-21 10:46,7324:5c1f,,,,,,
2022-02-19 10:53,2022-02-22,7311,7324 Apeldoorn,2022-02-22 10:40,7324:5c1f,,,,,,
2022-02-19 10:53,2022-02-19,6229,6229 Maastricht,2022-02-19 12:15,6229:121a,,,,,,
2022-02-19 10:53,2022-02-20,6229,6229 Maastricht,2022-02-20 09:00,6229:121a,,,,,,
2022-02-19 10:53,2022-02-19,7556,7556 Hengelo,2022-02-19 11:54,7556:3644,7514 Enschede,2022-02-19 13:45,7514:8035,,,
2022-02-19 10:53,2022-02-20,7556,7556 Hengelo,2022-02-20 09:18,7556:3644,7514 Enschede,2022-02-20 08:45,7514:8035,,,
2022-02-19 10:53,2022-02-21,7556,7556 Hengelo,2022-02-21 08:33,7556:3644,7514 Enschede,2022-02-21 08:30,7514:8035,,,
2022-02-19 10:53,2022-02-19,6541,6541 Nijmegen,2022-02-19 12:42,6541:fa99,6662 Elst,2022-02-19 14:03,6662:96b8,,,
2022-02-19 10:53,2022-02-20,6541,6541 Nijmegen,2022-02-20 08:15,6541:fa99,6662 Elst,2022-02-20 09:27,6662:96b8,,,
2022-02-19 10:53,2022-02-19,8911,8924 Leeuwarden,2022-02-19 11:54,8924:58b0,,,,,,
2022-02-19 10:53,2022-02-20,8911,8924 Leeuwarden,2022-02-20 08:54,8924:58b0,,,,,,
2022-02-19 10:53,2022-02-19,8232,8242 Lelystad,2022-02-19 13:00,8242:849d,,,,,,
2022-02-19 10:54,2022-02-20,8232,8242 Lelystad,2022-02-20 09:57,8242:849d,,,,,,
2022-02-19 10:54,2022-02-21,8232,8242 Lelystad,2022-02-21 09:33,8242:849d,,,,,,
2022-02-19 10:54,2022-02-22,8232,8242 Lelystad,2022-02-22 09:30,8242:849d,,,,,,
2022-02-19 10:54,2022-02-19,4462,4462 Goes,2022-02-19 12:09,4462:6e15,4462 Goes,2022-02-19 11:57,4462:60da,,,
2022-02-19 10:54,2022-02-20,4462,4462 Goes,2022-02-20 08:15,4462:6e15,4462 Goes,2022-02-20 08:24,4462:60da,,,
2022-02-19 10:54,2022-02-19,9501,9502 Stadskanaal,2022-02-19 12:00,9502:747f,,,,,,
2022-02-19 10:54,2022-02-20,9501,9502 Stadskanaal,2022-02-20 09:30,9502:747f,,,,,,
2022-02-19 10:54,2022-02-21,9501,9502 Stadskanaal,2022-02-21 09:30,9502:747f,,,,,,
2022-02-19 10:54,2022-02-22,9501,9502 Stadskanaal,2022-02-22 09:30,9502:747f,,,,,,
2022-02-19 10:54,2022-02-19,1625,1627 Hoorn,2022-02-19 13:30,1627:b1ca,,,,,,
2022-02-19 10:54,2022-02-20,1625,1627 Hoorn,2022-02-20 09:15,1627:b1ca,,,,,,
2022-02-19 10:54,2022-02-21,1625,1627 Hoorn,2022-02-21 08:30,1627:b1ca,,,,,,
2022-02-19 10:54,2022-02-19,9291,9291 Kollum,2022-02-19 11:58,9291:7875,,,,,,
2022-02-19 10:54,2022-02-20,9291,9291 Kollum,2022-02-20 08:45,9291:7875,,,,,,
2022-02-19 10:54,2022-02-19,5401,5406 Uden,2022-02-19 12:48,5406:fec5,,,,,,
2022-02-19 10:55,2022-02-20,5401,5406 Uden,2022-02-20 08:45,5406:fec5,,,,,,
2022-02-19 10:55,2022-02-19,7903,7903 Hoogeveen,2022-02-19 14:21,7903:64b3,,,,,,
2022-02-19 10:55,2022-02-20,7903,7903 Hoogeveen,2022-02-20 09:24,7903:64b3,,,,,,
2022-02-19 10:55,2022-02-21,7903,7903 Hoogeveen,2022-02-21 09:15,7903:64b3,,,,,,
2022-02-19 10:55,2022-02-22,7903,7903 Hoogeveen,2022-02-22 09:06,7903:64b3,,,,,,
2022-02-19 10:55,2022-02-19,7942,7942 Meppel,2022-02-19 13:18,7942:5846,7951 Staphorst,2022-02-19 12:45,7951:0243,,,
2022-02-19 10:55,2022-02-20,7942,7942 Meppel,2022-02-20 09:09,7942:5846,7951 Staphorst,2022-02-20 09:00,7951:0243,,,
2022-02-19 10:55,2022-02-21,7942,7942 Meppel,2022-02-21 09:09,7942:5846,7951 Staphorst,2022-02-21 09:00,7951:0243,,,
2022-02-19 10:55,2022-02-22,7942,7942 Meppel,2022-02-22 09:00,7942:5846,7951 Staphorst,2022-02-22 09:00,7951:0243,,,
2022-02-19 10:55,2022-02-19,7471,7471 Goor,2022-02-19 13:00,7471:149c,,,,,,
2022-02-19 10:55,2022-02-20,7471,7471 Goor,2022-02-20 09:00,7471:149c,,,,,,
2022-02-19 10:55,2022-02-19,5801,5807 Oostrum,2022-02-19 12:00,5807:ff2f,,,,,,
2022-02-19 10:55,2022-02-20,5801,5807 Oostrum,2022-02-20 08:00,5807:ff2f,,,,,,
2022-02-19 10:55,2022-02-19,8442,8447 Heerenveen,2022-02-19 14:16,8447:9987,,,,,,
2022-02-19 10:55,2022-02-20,8442,8447 Heerenveen,2022-02-20 08:57,8447:9987,,,,,,
2022-02-19 10:56,2022-02-19,7131,7141 Groenlo,2022-02-19 13:01,7141:2c44,,,,,,
2022-02-19 10:56,2022-02-20,7131,7131 Lichtenvoorde,2022-02-20 08:42,7131:943a,7141 Groenlo,2022-02-20 08:39,7141:2c44,,,
2022-02-19 10:56,2022-02-19,1811,1812 Alkmaar,2022-02-19 15:30,1812:8408,1704 Heerhugowaard,2022-02-19 13:30,1704:1a10,,,
2022-02-19 10:56,2022-02-20,1811,1812 Alkmaar,2022-02-20 10:00,1812:8408,1704 Heerhugowaard,2022-02-20 08:30,1704:1a10,,,
2022-02-19 10:56,2022-02-21,1811,1812 Alkmaar,2022-02-21 09:00,1812:8408,1704 Heerhugowaard,2022-02-21 08:30,1704:1a10,,,
2022-02-19 10:56,2022-02-19,3901,3902 Veenendaal,2022-02-19 12:00,3902:c6d1,,,,,,
2022-02-19 10:56,2022-02-20,3901,3902 Veenendaal,2022-02-20 09:15,3902:c6d1,,,,,,
2022-02-19 10:56,2022-02-21,3901,3902 Veenendaal,2022-02-21 09:00,3902:c6d1,,,,,,
2022-02-19 10:56,2022-02-19,2406,,,,,,,,,
2022-02-19 10:56,2022-02-20,2406,2402 Alphen a/d Rijn,2022-02-20 08:33,2402:584b,,,,,,
2022-02-19 10:56,2022-02-19,4701,4704 Roosendaal,2022-02-19 12:15,4704:d9b5,,,,,,
2022-02-19 10:56,2022-02-20,4701,4704 Roosendaal,2022-02-20 08:30,4704:d9b5,,,,,,
2022-02-19 10:56,2022-02-19,6101,6101 Echt,2022-02-19 12:00,6101:feea,,,,,,
2022-02-19 10:56,2022-02-20,6101,6101 Echt,2022-02-20 08:00,6101:feea,,,,,,
2022-02-19 10:56,2022-02-19,4325,,,,,,,,,
2022-02-19 10:57,2022-02-20,4325,,,,,,,,,
2022-02-19 10:57,2022-02-21,4325,,,,,,,,,
2022-02-19 10:57,2022-02-22,4325,4325 Renesse,2022-02-22 08:18,4325:8db3,,,,,,
# scan_time,req_date,req_pc4,opt0_short_addr,opt0_time,opt0_loc_id,opt1_short_addr,opt1_time,opt1_loc_id,opt2_short_addr,opt2_time,opt2_loc_id
2022-02-20 10:30,2022-02-20,3511,3552 Utrecht,2022-02-20 12:00,3552:3c0f,3527 Utrecht,2022-02-20 11:45,3527:d3f3,3534 Utrecht,2022-02-20 11:45,3534:472b
2022-02-20 10:30,2022-02-21,3511,3552 Utrecht,2022-02-21 14:45,3552:3c0f,3527 Utrecht,2022-02-21 09:30,3527:d3f3,3562 Utrecht,2022-02-21 18:45,3562:ffee
2022-02-20 10:30,2022-02-22,3511,3552 Utrecht,2022-02-22 14:45,3552:3c0f,3527 Utrecht,2022-02-22 09:00,3527:d3f3,3562 Utrecht,2022-02-22 18:45,3562:ffee
2022-02-20 10:30,2022-02-20,5611,5644 Eindhoven,2022-02-20 11:45,5644:7872,,,,,,
2022-02-20 10:30,2022-02-21,5611,5644 Eindhoven,2022-02-21 08:30,5644:7872,,,,,,
2022-02-20 10:30,2022-02-20,5038,5048 Tilburg,2022-02-20 11:31,5048:eb06,,,,,,
2022-02-20 10:30,2022-02-21,5038,5042 Tilburg,2022-02-21 12:58,5042:dd22,5048 Tilburg,2022-02-21 08:30,5048:eb06,,,
2022-02-20 10:31,2022-02-20,9726,9711 Groningen,2022-02-20 11:45,9711:ed2c,9723 Groningen,2022-02-20 11:32,9723:e146,9743 Groningen,2022-02-20 12:15,9743:6abf
2022-02-20 10:31,2022-02-21,9726,9711 Groningen,2022-02-21 09:15,9711:ed2c,9723 Groningen,2022-02-21 08:54,9723:e146,9743 Groningen,2022-02-21 09:15,9743:6abf
2022-02-20 10:31,2022-02-20,8011,8013 Zwolle,2022-02-20 11:45,8013:1e91,,,,,,
2022-02-20 10:31,2022-02-21,8011,8013 Zwolle,2022-02-21 09:30,8013:1e91,,,,,,
2022-02-20 10:31,2022-02-22,8011,8013 Zwolle,2022-02-22 09:00,8013:1e91,,,,,,
2022-02-20 10:31,2022-02-20,6041,,,,,,,,,
2022-02-20 10:31,2022-02-21,6041,,,,,,,,,
2022-02-20 10:31,2022-02-22,6041,,,,,,,,,
2022-02-20 10:31,2022-02-23,6041,,,,,,,,,
2022-02-20 10:31,2022-02-20,1011,1078 Amsterdam,2022-02-20 11:40,1078:d1fd,1025 Amsterdam,2022-02-20 11:40,1025:4076,1034 Amsterdam,2022-02-20 14:00,1034:f67a
2022-02-20 10:31,2022-02-21,1011,1091 Amsterdam,2022-02-21 10:10,1091:8897,1078 Amsterdam,2022-02-21 09:00,1078:d1fd,1025 Amsterdam,2022-02-21 07:50,1025:4076
2022-02-20 10:31,2022-02-20,3013,3026 Rotterdam,2022-02-20 14:57,3026:0941,3045 Rotterdam,2022-02-20 12:27,3045:5690,3085 Rotterdam,2022-02-20 11:57,3085:3cda
2022-02-20 10:31,2022-02-21,3013,3026 Rotterdam,2022-02-21 10:06,3026:0941,3072 Rotterdam,2022-02-21 13:06,3072:0ab5,3045 Rotterdam,2022-02-21 08:36,3045:5690
2022-02-20 10:31,2022-02-20,2515,2512 Den Haag,2022-02-20 11:36,2512:c854,2597 Den Haag,2022-02-20 14:00,2597:377e,2287 Rijswijk,2022-02-20 11:33,2287:731f
2022-02-20 10:31,2022-02-21,2515,2512 Den Haag,2022-02-21 08:39,2512:c854,2597 Den Haag,2022-02-21 11:30,2597:377e,2287 Rijswijk,2022-02-21 11:30,2287:731f
2022-02-20 10:32,2022-02-20,7311,7324 Apeldoorn,2022-02-20 16:30,7324:5c1f,,,,,,
2022-02-20 10:32,2022-02-21,7311,7324 Apeldoorn,2022-02-21 10:52,7324:5c1f,,,,,,
2022-02-20 10:32,2022-02-22,7311,7324 Apeldoorn,2022-02-22 10:43,7324:5c1f,,,,,,
2022-02-20 10:32,2022-02-23,7311,7324 Apeldoorn,2022-02-23 10:40,7324:5c1f,,,,,,
2022-02-20 10:32,2022-02-20,6229,6229 Maastricht,2022-02-20 11:45,6229:121a,,,,,,
2022-02-20 10:32,2022-02-21,6229,6229 Maastricht,2022-02-21 08:45,6229:121a,,,,,,
2022-02-20 10:32,2022-02-20,7556,7556 Hengelo,2022-02-20 11:33,7556:3644,7514 Enschede,2022-02-20 11:45,7514:8035,,,
2022-02-20 10:32,2022-02-21,7556,7556 Hengelo,2022-02-21 08:42,7556:3644,7514 Enschede,2022-02-21 09:15,7514:8035,,,
2022-02-20 10:32,2022-02-20,6541,6541 Nijmegen,2022-02-20 11:54,6541:fa99,6662 Elst,2022-02-20 13:27,6662:96b8,,,
2022-02-20 10:32,2022-02-21,6541,6541 Nijmegen,2022-02-21 08:09,6541:fa99,6662 Elst,2022-02-21 09:09,6662:96b8,6603 Wijchen,2022-02-21 08:18,6603:3380
2022-02-20 10:32,2022-02-20,8911,8924 Leeuwarden,2022-02-20 11:33,8924:58b0,,,,,,
2022-02-20 10:32,2022-02-21,8911,8924 Leeuwarden,2022-02-21 08:54,8924:58b0,,,,,,
2022-02-20 10:32,2022-02-20,8232,8242 Lelystad,2022-02-20 11:42,8242:849d,,,,,,
2022-02-20 10:32,2022-02-21,8232,8242 Lelystad,2022-02-21 09:36,8242:849d,,,,,,
2022-02-20 10:32,2022-02-22,8232,8242 Lelystad,2022-02-22 09:30,8242:849d,,,,,,
2022-02-20 10:33,2022-02-23,8232,8242 Lelystad,2022-02-23 09:30,8242:849d,,,,,,
2022-02-20 10:33,2022-02-20,4462,4462 Goes,2022-02-20 11:36,4462:6e15,4462 Goes,2022-02-20 11:39,4462:60da,,,
2022-02-20 10:33,2022-02-21,4462,4462 Goes,2022-02-21 08:21,4462:60da,4462 Goes,2022-02-21 08:54,4462:6e15,,,
2022-02-20 10:33,2022-02-20,9501,9502 Stadskanaal,2022-02-20 11:45,9502:747f,,,,,,
2022-02-20 10:33,2022-02-21,9501,9502 Stadskanaal,2022-02-21 09:30,9502:747f,,,,,,
2022-02-20 10:33,2022-02-22,9501,9502 Stadskanaal,2022-02-22 09:30,9502:747f,,,,,,
2022-02-20 10:33,2022-02-23,9501,9502 Stadskanaal,2022-02-23 09:30,9502:747f,,,,,,
2022-02-20 10:33,2022-02-20,1625,1627 Hoorn,2022-02-20 12:00,1627:b1ca,,,,,,
2022-02-20 10:33,2022-02-21,1625,1627 Hoorn,2022-02-21 08:45,1627:b1ca,,,,,,
2022-02-20 10:33,2022-02-20,9291,9291 Kollum,2022-02-20 11:37,9291:7875,,,,,,
2022-02-20 10:33,2022-02-21,9291,9291 Kollum,2022-02-21 08:45,9291:7875,,,,,,
2022-02-20 10:33,2022-02-20,5401,5406 Uden,2022-02-20 11:34,5406:fec5,,,,,,
2022-02-20 10:33,2022-02-21,5401,5406 Uden,2022-02-21 08:45,5406:fec5,,,,,,
2022-02-20 10:33,2022-02-20,7903,7903 Hoogeveen,2022-02-20 11:39,7903:64b3,,,,,,
2022-02-20 10:33,2022-02-21,7903,7903 Hoogeveen,2022-02-21 09:21,7903:64b3,,,,,,
2022-02-20 10:34,2022-02-22,7903,7903 Hoogeveen,2022-02-22 09:06,7903:64b3,,,,,,
2022-02-20 10:34,2022-02-23,7903,7903 Hoogeveen,2022-02-23 09:06,7903:64b3,,,,,,
2022-02-20 10:34,2022-02-20,7942,7942 Meppel,2022-02-20 12:30,7942:5846,7951 Staphorst,2022-02-20 12:15,7951:0243,,,
2022-02-20 10:34,2022-02-21,7942,7942 Meppel,2022-02-21 09:12,7942:5846,7951 Staphorst,2022-02-21 09:00,7951:0243,,,
2022-02-20 10:34,2022-02-22,7942,7942 Meppel,2022-02-22 09:00,7942:5846,7951 Staphorst,2022-02-22 09:00,7951:0243,,,
2022-02-20 10:34,2022-02-20,7471,7471 Goor,2022-02-20 11:45,7471:149c,,,,,,
2022-02-20 10:34,2022-02-21,7471,7471 Goor,2022-02-21 08:45,7471:149c,,,,,,
2022-02-20 10:34,2022-02-20,5801,5807 Oostrum,2022-02-20 11:45,5807:ff2f,,,,,,
2022-02-20 10:34,2022-02-21,5801,5807 Oostrum,2022-02-21 08:00,5807:ff2f,,,,,,
2022-02-20 10:34,2022-02-20,8442,8447 Heerenveen,2022-02-20 11:40,8447:9987,,,,,,
2022-02-20 10:34,2022-02-21,8442,8447 Heerenveen,2022-02-21 09:03,8447:9987,,,,,,
2022-02-20 10:34,2022-02-22,8442,8447 Heerenveen,2022-02-22 08:48,8447:9987,,,,,,
2022-02-20 10:34,2022-02-20,7131,7131 Lichtenvoorde,2022-02-20 14:01,7131:943a,7141 Groenlo,2022-02-20 11:43,7141:2c44,,,
2022-02-20 10:34,2022-02-21,7131,7131 Lichtenvoorde,2022-02-21 08:42,7131:943a,7141 Groenlo,2022-02-21 08:36,7141:2c44,,,
2022-02-20 10:34,2022-02-20,1811,1812 Alkmaar,2022-02-20 12:30,1812:8408,,,,,,
2022-02-20 10:35,2022-02-21,1811,1812 Alkmaar,2022-02-21 10:15,1812:8408,1704 Heerhugowaard,2022-02-21 08:30,1704:1a10,,,
2022-02-20 10:35,2022-02-22,1811,1812 Alkmaar,2022-02-22 09:00,1812:8408,1704 Heerhugowaard,2022-02-22 08:30,1704:1a10,,,
2022-02-20 10:35,2022-02-20,3901,3902 Veenendaal,2022-02-20 11:45,3902:c6d1,,,,,,
2022-02-20 10:35,2022-02-21,3901,3902 Veenendaal,2022-02-21 09:15,3902:c6d1,,,,,,
2022-02-20 10:35,2022-02-22,3901,3902 Veenendaal,2022-02-22 09:00,3902:c6d1,,,,,,
2022-02-20 10:35,2022-02-20,2406,2402 Alphen a/d Rijn,2022-02-20 11:36,2402:584b,,,,,,
2022-02-20 10:35,2022-02-21,2406,2402 Alphen a/d Rijn,2022-02-21 08:12,2402:584b,,,,,,
2022-02-20 10:35,2022-02-20,4701,4704 Roosendaal,2022-02-20 12:00,4704:d9b5,,,,,,
2022-02-20 10:35,2022-02-21,4701,4704 Roosendaal,2022-02-21 09:00,4704:d9b5,,,,,,
2022-02-20 10:35,2022-02-20,6101,6101 Echt,2022-02-20 11:45,6101:feea,,,,,,
2022-02-20 10:35,2022-02-21,6101,6101 Echt,2022-02-21 08:00,6101:feea,,,,,,
2022-02-20 10:35,2022-02-20,4325,,,,,,,,,
2022-02-20 10:35,2022-02-21,4325,,,,,,,,,
2022-02-20 10:35,2022-02-22,4325,4325 Renesse,2022-02-22 08:24,4325:8db3,,,,,,
